"","Season","Station","EventID","DN","Lat","Long","Zoop_GENERA","Zoop_Bio_Sum","Zoop_Den_Sum"
"1","Early Fall","stn33","stn33_20180925_N_LG","N",43.5964,-78.8144,"Calanoids",12.732750435,2.960159984
"2","Early Fall","stn33","stn33_20180925_N_LG","N",43.5964,-78.8144,"Cladocerans",47.76635898,11.307733085
"3","Early Fall","stn33","stn33_20180925_N_LG","N",43.5964,-78.8144,"Cyclopoids",7.238325113,3.600194575
"4","Early Fall","stn33","stn33_20180925_N_LG","N",43.5964,-78.8144,"Mysis",0,0
"5","Early Fall","stn33","stn33_20180925_N_LG","N",43.5964,-78.8144,"Other",0,0
"6","Early Fall","stn34","stn34_20180926_N_LG","N",43.4611,-78.7594,"Calanoids",7.106518199,1.76920131
"7","Early Fall","stn34","stn34_20180926_N_LG","N",43.4611,-78.7594,"Cladocerans",16.620005303,6.525490488
"8","Early Fall","stn34","stn34_20180926_N_LG","N",43.4611,-78.7594,"Cyclopoids",6.176185374,3.746543948
"9","Early Fall","stn34","stn34_20180926_N_LG","N",43.4611,-78.7594,"Mysis",0,0
"10","Early Fall","stn34","stn34_20180926_N_LG","N",43.4611,-78.7594,"Other",0,0
"11","Early Fall","stn69","stn69_20180924_D_LG","D",43.6053,-76.7147,"Calanoids",12.562491661,2.310207833
"12","Early Fall","stn69","stn69_20180924_D_LG","D",43.6053,-76.7147,"Cladocerans",7.330873174,4.100075753
"13","Early Fall","stn69","stn69_20180924_D_LG","D",43.6053,-76.7147,"Cyclopoids",18.809919111,12.347662559
"14","Early Fall","stn69","stn69_20180924_D_LG","D",43.6053,-76.7147,"Mysis",0,0
"15","Early Fall","stn69","stn69_20180924_D_LG","D",43.6053,-76.7147,"Other",0,0
"16","Early Fall","stn715","stn715_20180924_D_LG","D",43.6356,-76.9694,"Calanoids",17.01553706,3.113328725
"17","Early Fall","stn715","stn715_20180924_D_LG","D",43.6356,-76.9694,"Cladocerans",41.988336981,9.619128344
"18","Early Fall","stn715","stn715_20180924_D_LG","D",43.6356,-76.9694,"Cyclopoids",15.407272314,9.065280696
"19","Early Fall","stn715","stn715_20180924_D_LG","D",43.6356,-76.9694,"Mysis",0,0
"20","Early Fall","stn715","stn715_20180924_D_LG","D",43.6356,-76.9694,"Other",0,0
"21","Early Spring","stn12","stn12_20180409_D_LG","D",43.50348,-79.35378,"Calanoids",0.989270443,0.194215144
"22","Early Spring","stn12","stn12_20180409_D_LG","D",43.50348,-79.35378,"Cladocerans",0.0158291,0.013376201
"23","Early Spring","stn12","stn12_20180409_D_LG","D",43.50348,-79.35378,"Cyclopoids",0.5586563,0.16647055
"24","Early Spring","stn12","stn12_20180409_D_LG","D",43.50348,-79.35378,"Mysis",0,0
"25","Early Spring","stn12","stn12_20180409_D_LG","D",43.50348,-79.35378,"Other",0.001431287,0.000991
"26","Early Spring","stn25","stn25_20180409_D_LG","N",43.51655,-79.08008,"Calanoids",2.461465844,0.201433412
"27","Early Spring","stn25","stn25_20180409_D_LG","N",43.51655,-79.08008,"Cladocerans",0.020187003,0.009520407
"28","Early Spring","stn25","stn25_20180409_D_LG","N",43.51655,-79.08008,"Cyclopoids",1.1993871,0.2801026
"29","Early Spring","stn25","stn25_20180409_D_LG","N",43.51655,-79.08008,"Mysis",0,0
"30","Early Spring","stn25","stn25_20180409_D_LG","N",43.51655,-79.08008,"Other",0,0
"31","Early Spring","stn33","stn33_20180410_N_LG","N",43.59452,-78.8019,"Calanoids",3.093578546,0.25857556
"32","Early Spring","stn33","stn33_20180410_N_LG","N",43.59452,-78.8019,"Cladocerans",0.00654106,0.009418323
"33","Early Spring","stn33","stn33_20180410_N_LG","N",43.59452,-78.8019,"Cyclopoids",1.2724794,0.23203301
"34","Early Spring","stn33","stn33_20180410_N_LG","N",43.59452,-78.8019,"Mysis",0,0
"35","Early Spring","stn33","stn33_20180410_N_LG","N",43.59452,-78.8019,"Other",0,0
"36","Early Spring","stn41","stn41_20180410_D_LG","D",43.717,-78.02658,"Calanoids",3.7530388,0.289200093
"37","Early Spring","stn41","stn41_20180410_D_LG","D",43.717,-78.02658,"Cladocerans",0.004382588,0.00495448
"38","Early Spring","stn41","stn41_20180410_D_LG","D",43.717,-78.02658,"Cyclopoids",2.352449,0.4617577
"39","Early Spring","stn41","stn41_20180410_D_LG","D",43.717,-78.02658,"Mysis",0,0
"40","Early Spring","stn41","stn41_20180410_D_LG","D",43.717,-78.02658,"Other",0,0
"41","Early Spring","stn49","stn49_20180410_D_LG","D",43.77222,-77.43795,"Calanoids",2.39974452,0.149038048
"42","Early Spring","stn49","stn49_20180410_D_LG","D",43.77222,-77.43795,"Cladocerans",0.001395274,0.001876378
"43","Early Spring","stn49","stn49_20180410_D_LG","D",43.77222,-77.43795,"Cyclopoids",2.8702022,0.6332775
"44","Early Spring","stn49","stn49_20180410_D_LG","D",43.77222,-77.43795,"Mysis",0,0
"45","Early Spring","stn49","stn49_20180410_D_LG","D",43.77222,-77.43795,"Other",0,0
"46","Early Spring","stn55","stn55_20180411_D_LG","D",43.44382,-77.44155,"Calanoids",2.37622694,0.348107236
"47","Early Spring","stn55","stn55_20180411_D_LG","D",43.44382,-77.44155,"Cladocerans",0.09152108,0.08140592
"48","Early Spring","stn55","stn55_20180411_D_LG","D",43.44382,-77.44155,"Cyclopoids",2.922724,1.1559641
"49","Early Spring","stn55","stn55_20180411_D_LG","D",43.44382,-77.44155,"Mysis",0,0
"50","Early Spring","stn55","stn55_20180411_D_LG","D",43.44382,-77.44155,"Other",0,0
"51","Early Spring","stn60","stn60_20180411_D_LG","D",43.57765,-77.1959,"Calanoids",0.72270664,0.09409256
"52","Early Spring","stn60","stn60_20180411_D_LG","D",43.57765,-77.1959,"Cladocerans",0.001843304,0.002466846
"53","Early Spring","stn60","stn60_20180411_D_LG","D",43.57765,-77.1959,"Cyclopoids",1.3296409,0.468700723
"54","Early Spring","stn60","stn60_20180411_D_LG","D",43.57765,-77.1959,"Mysis",0,0
"55","Early Spring","stn60","stn60_20180411_D_LG","D",43.57765,-77.1959,"Other",0,0
"56","Early Spring","stn63","stn63_20180410_D_LG","D",43.73185,-77.0176,"Calanoids",2.284671603,0.141063507
"57","Early Spring","stn63","stn63_20180410_D_LG","D",43.73185,-77.0176,"Cladocerans",0.001077987,0.001388815
"58","Early Spring","stn63","stn63_20180410_D_LG","D",43.73185,-77.0176,"Cyclopoids",1.1699797,0.39233979
"59","Early Spring","stn63","stn63_20180410_D_LG","D",43.73185,-77.0176,"Mysis",0,0
"60","Early Spring","stn63","stn63_20180410_D_LG","D",43.73185,-77.0176,"Other",0,0
"61","Early Summer","stn33","stn33_20180618_N_LG","N",43.5959,-78.81518333,"Calanoids",39.482216618,2.834957465
"62","Early Summer","stn33","stn33_20180618_N_LG","N",43.5959,-78.81518333,"Cladocerans",1.44726287,0.307459817
"63","Early Summer","stn33","stn33_20180618_N_LG","N",43.5959,-78.81518333,"Cyclopoids",12.942360533,6.262294101
"64","Early Summer","stn33","stn33_20180618_N_LG","N",43.5959,-78.81518333,"Mysis",0.777245907,0.004448775
"65","Early Summer","stn33","stn33_20180618_N_LG","N",43.5959,-78.81518333,"Other",0,0
"66","Early Summer","stn33","stn33_20180619_D_LG","D",43.59638333,-78.81388333,"Calanoids",19.249496199,3.819825405
"67","Early Summer","stn33","stn33_20180619_D_LG","D",43.59638333,-78.81388333,"Cladocerans",1.210618968,0.26208626
"68","Early Summer","stn33","stn33_20180619_D_LG","D",43.59638333,-78.81388333,"Cyclopoids",9.937483327,4.811510847
"69","Early Summer","stn33","stn33_20180619_D_LG","D",43.59638333,-78.81388333,"Mysis",0,0
"70","Early Summer","stn33","stn33_20180619_D_LG","D",43.59638333,-78.81388333,"Other",0,0
"71","Early Summer","stn34","stn34_20180619_D_LG","D",43.46465,-78.752805,"Calanoids",17.523970978,2.762010952
"72","Early Summer","stn34","stn34_20180619_D_LG","D",43.46465,-78.752805,"Cladocerans",4.358976302,2.614612767
"73","Early Summer","stn34","stn34_20180619_D_LG","D",43.46465,-78.752805,"Cyclopoids",29.652415854,12.391724809
"74","Early Summer","stn34","stn34_20180619_D_LG","D",43.46465,-78.752805,"Mysis",0,0
"75","Early Summer","stn34","stn34_20180619_D_LG","D",43.46465,-78.752805,"Other",0,0
"76","Early Summer","stn69","stn69_20180621_D_LG","D",43.59906833,-76.710005,"Calanoids",9.906721829,1.299531807
"77","Early Summer","stn69","stn69_20180621_D_LG","D",43.59906833,-76.710005,"Cladocerans",0.139695931,0.100230985
"78","Early Summer","stn69","stn69_20180621_D_LG","D",43.59906833,-76.710005,"Cyclopoids",43.88926021,19.592941108
"79","Early Summer","stn69","stn69_20180621_D_LG","D",43.59906833,-76.710005,"Mysis",0,0
"80","Early Summer","stn69","stn69_20180621_D_LG","D",43.59906833,-76.710005,"Other",0,0
"81","Early Summer","stn69","stn69_20180621_N_LG","D",43.59906833,-76.710005,"Calanoids",19.191185719,1.408851242
"82","Early Summer","stn69","stn69_20180621_N_LG","D",43.59906833,-76.710005,"Cladocerans",0.686448602,0.214061807
"83","Early Summer","stn69","stn69_20180621_N_LG","D",43.59906833,-76.710005,"Cyclopoids",26.6566619,15.779133918
"84","Early Summer","stn69","stn69_20180621_N_LG","D",43.59906833,-76.710005,"Mysis",0,0
"85","Early Summer","stn69","stn69_20180621_N_LG","D",43.59906833,-76.710005,"Other",0,0
"86","Early Summer","stn715","stn715_20180620_N_LG","N",43.63643333,-76.96826667,"Calanoids",24.251766501,1.960308431
"87","Early Summer","stn715","stn715_20180620_N_LG","N",43.63643333,-76.96826667,"Cladocerans",2.219653789,1.481213443
"88","Early Summer","stn715","stn715_20180620_N_LG","N",43.63643333,-76.96826667,"Cyclopoids",16.608160377,9.63818312
"89","Early Summer","stn715","stn715_20180620_N_LG","N",43.63643333,-76.96826667,"Mysis",0,0
"90","Early Summer","stn715","stn715_20180620_N_LG","N",43.63643333,-76.96826667,"Other",0,0
"91","Early Summer","stn715","stn715_20180621_D_LG","D",43.63643333,-76.96826667,"Calanoids",2.888615986,0.909575159
"92","Early Summer","stn715","stn715_20180621_D_LG","D",43.63643333,-76.96826667,"Cladocerans",4.519293419,2.040054641
"93","Early Summer","stn715","stn715_20180621_D_LG","D",43.63643333,-76.96826667,"Cyclopoids",59.53822205,20.515973046
"94","Early Summer","stn715","stn715_20180621_D_LG","D",43.63643333,-76.96826667,"Mysis",0,0
"95","Early Summer","stn715","stn715_20180621_D_LG","D",43.63643333,-76.96826667,"Other",0,0
"96","Late Spring","stn33","stn33_20180521_D_LG","D",43.59703333,-78.81426667,"Calanoids",3.116087872,1.096579754
"97","Late Spring","stn33","stn33_20180521_D_LG","D",43.59703333,-78.81426667,"Cladocerans",0,0
"98","Late Spring","stn33","stn33_20180521_D_LG","D",43.59703333,-78.81426667,"Cyclopoids",0.656318601,0.100195104
"99","Late Spring","stn33","stn33_20180521_D_LG","D",43.59703333,-78.81426667,"Mysis",0,0
"100","Late Spring","stn33","stn33_20180521_D_LG","D",43.59703333,-78.81426667,"Other",0,0
"101","Late Spring","stn33","stn33_20180522_N_LG","N",43.60321667,-78.81972,"Calanoids",6.551616842,1.464966427
"102","Late Spring","stn33","stn33_20180522_N_LG","N",43.60321667,-78.81972,"Cladocerans",0,0
"103","Late Spring","stn33","stn33_20180522_N_LG","N",43.60321667,-78.81972,"Cyclopoids",2.252402301,0.287912477
"104","Late Spring","stn33","stn33_20180522_N_LG","N",43.60321667,-78.81972,"Mysis",0.29265346,0.002209047
"105","Late Spring","stn33","stn33_20180522_N_LG","N",43.60321667,-78.81972,"Other",0,0
"106","Late Spring","stn34","stn34_20180521_D_LG","D",43.4622,-78.76003333,"Calanoids",10.946294793,2.063827392
"107","Late Spring","stn34","stn34_20180521_D_LG","D",43.4622,-78.76003333,"Cladocerans",0.073382198,0.068794246
"108","Late Spring","stn34","stn34_20180521_D_LG","D",43.4622,-78.76003333,"Cyclopoids",39.414192877,4.288174693
"109","Late Spring","stn34","stn34_20180521_D_LG","D",43.4622,-78.76003333,"Mysis",0,0
"110","Late Spring","stn34","stn34_20180521_D_LG","D",43.4622,-78.76003333,"Other",0,0
"111","Late Spring","stn34","stn34_20180521_N_LG","N",43.460835,-78.75971667,"Calanoids",28.009861623,2.964837597
"112","Late Spring","stn34","stn34_20180521_N_LG","N",43.460835,-78.75971667,"Cladocerans",0,0
"113","Late Spring","stn34","stn34_20180521_N_LG","N",43.460835,-78.75971667,"Cyclopoids",31.851172078,4.908453354
"114","Late Spring","stn34","stn34_20180521_N_LG","N",43.460835,-78.75971667,"Mysis",0.228520947,0.001171873
"115","Late Spring","stn34","stn34_20180521_N_LG","N",43.460835,-78.75971667,"Other",0,0
"116","Late Spring","stn69","stn69_20180523_D_LG","D",43.60028333,-76.70981667,"Calanoids",5.234224683,0.687907797
"117","Late Spring","stn69","stn69_20180523_D_LG","D",43.60028333,-76.70981667,"Cladocerans",0.036778075,0.008389119
"118","Late Spring","stn69","stn69_20180523_D_LG","D",43.60028333,-76.70981667,"Cyclopoids",5.662746831,1.526819747
"119","Late Spring","stn69","stn69_20180523_D_LG","D",43.60028333,-76.70981667,"Mysis",0,0
"120","Late Spring","stn69","stn69_20180523_D_LG","D",43.60028333,-76.70981667,"Other",0,0
"121","Late Spring","stn69","stn69_20180523_N_LG","N",43.59818333,-76.710135,"Calanoids",7.750801078,0.752505641
"122","Late Spring","stn69","stn69_20180523_N_LG","N",43.59818333,-76.710135,"Cladocerans",0,0
"123","Late Spring","stn69","stn69_20180523_N_LG","N",43.59818333,-76.710135,"Cyclopoids",12.570457183,2.229120484
"124","Late Spring","stn69","stn69_20180523_N_LG","N",43.59818333,-76.710135,"Mysis",0.041815983,0.000682
"125","Late Spring","stn69","stn69_20180523_N_LG","N",43.59818333,-76.710135,"Other",0,0
"126","Late Spring","stn715","stn715_20180522_N_LG","N",43.63547,-76.97046667,"Calanoids",8.444430936,0.858271455
"127","Late Spring","stn715","stn715_20180522_N_LG","N",43.63547,-76.97046667,"Cladocerans",0.006447964,0.009034436
"128","Late Spring","stn715","stn715_20180522_N_LG","N",43.63547,-76.97046667,"Cyclopoids",6.253333736,1.219648911
"129","Late Spring","stn715","stn715_20180522_N_LG","N",43.63547,-76.97046667,"Mysis",0,0
"130","Late Spring","stn715","stn715_20180522_N_LG","N",43.63547,-76.97046667,"Other",0,0
"131","Late Spring","stn715","stn715_20180523_D_LG","D",43.6358,-76.96956667,"Calanoids",1.4517353,0.289850809
"132","Late Spring","stn715","stn715_20180523_D_LG","D",43.6358,-76.96956667,"Cladocerans",0.006045877,0.008164811
"133","Late Spring","stn715","stn715_20180523_D_LG","D",43.6358,-76.96956667,"Cyclopoids",3.280802395,0.567454399
"134","Late Spring","stn715","stn715_20180523_D_LG","D",43.6358,-76.96956667,"Mysis",0,0
"135","Late Spring","stn715","stn715_20180523_D_LG","D",43.6358,-76.96956667,"Other",0,0
"136","Late Summer","stn12","stn12_20180813_N_LG","N",43.50319,-79.35308,"Calanoids",4.6407531,0.6827678
"137","Late Summer","stn12","stn12_20180813_N_LG","N",43.50319,-79.35308,"Cladocerans",48.55523216,11.47528327
"138","Late Summer","stn12","stn12_20180813_N_LG","N",43.50319,-79.35308,"Cyclopoids",19.614545,12.090199
"139","Late Summer","stn12","stn12_20180813_N_LG","N",43.50319,-79.35308,"Mysis",0,0
"140","Late Summer","stn12","stn12_20180813_N_LG","N",43.50319,-79.35308,"Other",0,0
"141","Late Summer","stn25","stn25_20180814_N_LG","N",43.51759,-79.08052,"Calanoids",16.8050337,2.0873598
"142","Late Summer","stn25","stn25_20180814_N_LG","N",43.51759,-79.08052,"Cladocerans",43.50992594,14.2239286
"143","Late Summer","stn25","stn25_20180814_N_LG","N",43.51759,-79.08052,"Cyclopoids",24.476991,8.950077
"144","Late Summer","stn25","stn25_20180814_N_LG","N",43.51759,-79.08052,"Mysis",0,0
"145","Late Summer","stn25","stn25_20180814_N_LG","N",43.51759,-79.08052,"Other",0,0
"146","Late Summer","stn33","stn33_20180814_D_LG","D",43.59595,-78.8145,"Calanoids",7.8755414,0.82163591
"147","Late Summer","stn33","stn33_20180814_D_LG","D",43.59595,-78.8145,"Cladocerans",24.8511378,6.4081141
"148","Late Summer","stn33","stn33_20180814_D_LG","D",43.59595,-78.8145,"Cyclopoids",10.708054,4.617362
"149","Late Summer","stn33","stn33_20180814_D_LG","D",43.59595,-78.8145,"Mysis",0,0
"150","Late Summer","stn33","stn33_20180814_D_LG","D",43.59595,-78.8145,"Other",0,0
"151","Late Summer","stn41","stn41_20180814_D_LG","D",43.7165,-78.02716,"Calanoids",5.664859,1.36553572
"152","Late Summer","stn41","stn41_20180814_D_LG","D",43.7165,-78.02716,"Cladocerans",4.51228315,2.661749922
"153","Late Summer","stn41","stn41_20180814_D_LG","D",43.7165,-78.02716,"Cyclopoids",9.813323,13.305294
"154","Late Summer","stn41","stn41_20180814_D_LG","D",43.7165,-78.02716,"Mysis",0,0
"155","Late Summer","stn41","stn41_20180814_D_LG","D",43.7165,-78.02716,"Other",0,0
"156","Late Summer","stn49","stn49_20180815_N_LG","N",43.77025,-77.43955,"Calanoids",5.70807933,0.824528972
"157","Late Summer","stn49","stn49_20180815_N_LG","N",43.77025,-77.43955,"Cladocerans",9.4107401,3.953219386
"158","Late Summer","stn49","stn49_20180815_N_LG","N",43.77025,-77.43955,"Cyclopoids",22.672242,14.277369
"159","Late Summer","stn49","stn49_20180815_N_LG","N",43.77025,-77.43955,"Mysis",0,0
"160","Late Summer","stn49","stn49_20180815_N_LG","N",43.77025,-77.43955,"Other",0,0
"161","Late Summer","stn55","stn55_20180815_D_LG","D",43.44362,-77.43833,"Calanoids",5.6871664,1.281784683
"162","Late Summer","stn55","stn55_20180815_D_LG","D",43.44362,-77.43833,"Cladocerans",32.53677084,8.505332308
"163","Late Summer","stn55","stn55_20180815_D_LG","D",43.44362,-77.43833,"Cyclopoids",25.325978,9.106984
"164","Late Summer","stn55","stn55_20180815_D_LG","D",43.44362,-77.43833,"Mysis",0,0
"165","Late Summer","stn55","stn55_20180815_D_LG","D",43.44362,-77.43833,"Other",0,0
"166","Late Summer","stn60","stn60_20180815_D_LG","D",43.57999,-77.19971,"Calanoids",11.4760848,3.23949281
"167","Late Summer","stn60","stn60_20180815_D_LG","D",43.57999,-77.19971,"Cladocerans",15.235842,6.09766235
"168","Late Summer","stn60","stn60_20180815_D_LG","D",43.57999,-77.19971,"Cyclopoids",24.357096,19.048219
"169","Late Summer","stn60","stn60_20180815_D_LG","D",43.57999,-77.19971,"Mysis",0,0
"170","Late Summer","stn60","stn60_20180815_D_LG","D",43.57999,-77.19971,"Other",0,0
"171","Late Summer","stn63","stn63_20180815_N_LG","D",43.73127,-77.01784,"Calanoids",13.4839446,3.70314808
"172","Late Summer","stn63","stn63_20180815_N_LG","D",43.73127,-77.01784,"Cladocerans",19.68141152,5.053607879
"173","Late Summer","stn63","stn63_20180815_N_LG","D",43.73127,-77.01784,"Cyclopoids",73.36619,40.94872
"174","Late Summer","stn63","stn63_20180815_N_LG","D",43.73127,-77.01784,"Mysis",0,0
"175","Late Summer","stn63","stn63_20180815_N_LG","D",43.73127,-77.01784,"Other",0,0
"176","Summer","stn33","stn33_20180726_D_LEII","D",43.596,-78.81633333,"Calanoids",9.588023587,0.296919462
"177","Summer","stn33","stn33_20180726_D_LEII","D",43.596,-78.81633333,"Cladocerans",1.42999629,0.27820284
"178","Summer","stn33","stn33_20180726_D_LEII","D",43.596,-78.81633333,"Cyclopoids",9.508395282,6.235308698
"179","Summer","stn33","stn33_20180726_D_LEII","D",43.596,-78.81633333,"Mysis",0,0
"180","Summer","stn33","stn33_20180726_D_LEII","D",43.596,-78.81633333,"Other",0,0
"181","Summer","stn33","stn33_20180801_N_LEII","N",43.59716667,-78.81533333,"Calanoids",78.73409821,1.662108121
"182","Summer","stn33","stn33_20180801_N_LEII","N",43.59716667,-78.81533333,"Cladocerans",7.569839055,0.752060158
"183","Summer","stn33","stn33_20180801_N_LEII","N",43.59716667,-78.81533333,"Cyclopoids",8.393744005,3.145219986
"184","Summer","stn33","stn33_20180801_N_LEII","N",43.59716667,-78.81533333,"Mysis",0.136012572,0.00127324
"185","Summer","stn33","stn33_20180801_N_LEII","N",43.59716667,-78.81533333,"Other",0,0
"186","Summer","stn34","stn34_20180727_D_LEII","D",43.4575,-78.75633333,"Calanoids",38.785121393,2.49077486
"187","Summer","stn34","stn34_20180727_D_LEII","D",43.4575,-78.75633333,"Cladocerans",34.531644315,6.652517465
"188","Summer","stn34","stn34_20180727_D_LEII","D",43.4575,-78.75633333,"Cyclopoids",4.472008106,2.142066379
"189","Summer","stn34","stn34_20180727_D_LEII","D",43.4575,-78.75633333,"Mysis",0,0
"190","Summer","stn34","stn34_20180727_D_LEII","D",43.4575,-78.75633333,"Other",0,0
"191","Summer","stn34","stn34_20180731_N_LEII","N",43.4615,-78.75933333,"Calanoids",93.742754674,3.249095111
"192","Summer","stn34","stn34_20180731_N_LEII","N",43.4615,-78.75933333,"Cladocerans",9.362811439,1.960470588
"193","Summer","stn34","stn34_20180731_N_LEII","N",43.4615,-78.75933333,"Cyclopoids",11.729126084,6.285134806
"194","Summer","stn34","stn34_20180731_N_LEII","N",43.4615,-78.75933333,"Mysis",1.981578586,0.007957747
"195","Summer","stn34","stn34_20180731_N_LEII","N",43.4615,-78.75933333,"Other",0,0
"196","Early Fall","stn12","stn12_20180905_D_Cisco","D",43.503333,-79.353333,"Nauplii",1.433048271,10.01719198
"197","Early Fall","stn12","stn12_20180905_D_Cisco","D",43.503333,-79.353333,"Rotifers",1.839749774,72.756446986
"198","Early Fall","stn12","stn12_20180905_D_Cisco","D",43.503333,-79.353333,"Veligers",1.473540679,5.008595989
"199","Early Fall","stn18","stn18_20180905_D_Cisco","D",43.303333,-79.278333,"Nauplii",0.624603538,2.475644699
"200","Early Fall","stn18","stn18_20180905_D_Cisco","D",43.303333,-79.278333,"Rotifers",0.801223605,44.252149001
"201","Early Fall","stn18","stn18_20180905_D_Cisco","D",43.303333,-79.278333,"Veligers",0.29614031,1.083094556
"202","Early Fall","stn19","stn19_20180905_D_Cisco","N",43.383333,-79.285,"Nauplii",0.50268034,2.728205128
"203","Early Fall","stn19","stn19_20180905_D_Cisco","N",43.383333,-79.285,"Rotifers",3.187844559,53.784615377
"204","Early Fall","stn19","stn19_20180905_D_Cisco","N",43.383333,-79.285,"Veligers",1.078144691,2.533333333
"205","Early Fall","stn33","stn33_20180925_N_LG","N",43.5964,-78.8144,"Nauplii",1.173235388,13.17495595
"206","Early Fall","stn33","stn33_20180925_N_LG","N",43.5964,-78.8144,"Rotifers",8.084128292,174.268735545
"207","Early Fall","stn33","stn33_20180925_N_LG","N",43.5964,-78.8144,"Veligers",4.381061146,8.982924512
"208","Early Fall","stn34","stn34_20180926_N_LG","N",43.4611,-78.7594,"Nauplii",0.501407226,4.929437146
"209","Early Fall","stn34","stn34_20180926_N_LG","N",43.4611,-78.7594,"Rotifers",1.139001178,70.171987609
"210","Early Fall","stn34","stn34_20180926_N_LG","N",43.4611,-78.7594,"Veligers",5.002387211,20.00771548
"211","Early Fall","stn38","stn38_20180927_D_LG","D",43.3833,-77.9894,"Nauplii",0.58182427,6.140602875
"212","Early Fall","stn38","stn38_20180927_D_LG","D",43.3833,-77.9894,"Rotifers",3.378909743,200.008207987
"213","Early Fall","stn38","stn38_20180927_D_LG","D",43.3833,-77.9894,"Veligers",4.697184564,14.9128927
"214","Early Fall","stn39","stn39_20180927_D_LG","D",43.4861,-78.0003,"Nauplii",0.293442565,3.308028008
"215","Early Fall","stn39","stn39_20180927_D_LG","D",43.4861,-78.0003,"Rotifers",2.469869257,171.355850876
"216","Early Fall","stn39","stn39_20180927_D_LG","D",43.4861,-78.0003,"Veligers",8.371258771,25.14101286
"217","Early Fall","stn40","stn40_20180927_D_LG","D",43.5903,-78.0117,"Nauplii",6.65018624,49.86450271
"218","Early Fall","stn40","stn40_20180927_D_LG","D",43.5903,-78.0117,"Rotifers",2.808188739,132.087884836
"219","Early Fall","stn40","stn40_20180927_D_LG","D",43.5903,-78.0117,"Veligers",3.845976409,5.835207763
"220","Early Fall","stn41","stn41_20180927_D_LG","D",43.7167,-78.0269,"Nauplii",2.364846778,20.38880267
"221","Early Fall","stn41","stn41_20180927_D_LG","D",43.7167,-78.0269,"Rotifers",13.309803091,273.449823959
"222","Early Fall","stn41","stn41_20180927_D_LG","D",43.7167,-78.0269,"Veligers",4.681448632,11.99341333
"223","Early Fall","stn55","stn55_20180927_N_LG","N",43.4439,-77.4389,"Nauplii",3.575352644,30.86280621
"224","Early Fall","stn55","stn55_20180927_N_LG","N",43.4439,-77.4389,"Rotifers",1.786009518,131.502391687
"225","Early Fall","stn55","stn55_20180927_N_LG","N",43.4439,-77.4389,"Veligers",3.762572683,12.74768083
"226","Early Fall","stn69","stn69_20180924_D_LG","D",43.6053,-76.7147,"Nauplii",5.75573516,44.10396774
"227","Early Fall","stn69","stn69_20180924_D_LG","D",43.6053,-76.7147,"Rotifers",6.0069357,141.132696752
"228","Early Fall","stn69","stn69_20180924_D_LG","D",43.6053,-76.7147,"Veligers",5.536630046,12.49612419
"229","Early Fall","stn70","stn70_20180924_D_LG","N",43.5415,-76.617667,"Nauplii",0.639416308,7.40497652
"230","Early Fall","stn70","stn70_20180924_D_LG","N",43.5415,-76.617667,"Rotifers",10.006905602,191.788891878
"231","Early Fall","stn70","stn70_20180924_D_LG","N",43.5415,-76.617667,"Veligers",8.067479682,41.46786851
"232","Early Fall","stn715","stn715_20180924_D_LG","D",43.6356,-76.9694,"Nauplii",3.784219103,47.2656097
"233","Early Fall","stn715","stn715_20180924_D_LG","D",43.6356,-76.9694,"Rotifers",7.574923081,125.844685821
"234","Early Fall","stn715","stn715_20180924_D_LG","D",43.6356,-76.9694,"Veligers",7.703195778,20.08788412
"235","Early Fall","stn9","stn9_20180905_D_Cisco","D",43.586667,-79.395,"Nauplii",0.306257632,2.973913043
"236","Early Fall","stn9","stn9_20180905_D_Cisco","D",43.586667,-79.395,"Rotifers",1.049507922,43.947826087
"237","Early Fall","stn9","stn9_20180905_D_Cisco","D",43.586667,-79.395,"Veligers",4.924284196,17.34782609
"238","Early Spring","stn12","stn12_20180409_D_LG","D",43.50348,-79.35378,"Nauplii",0.7440797,1.847712
"239","Early Spring","stn12","stn12_20180409_D_LG","D",43.50348,-79.35378,"Rotifers",0.193714896,3.71121507
"240","Early Spring","stn12","stn12_20180409_D_LG","D",43.50348,-79.35378,"Veligers",0.09740891,0.2526785
"241","Early Spring","stn25","stn25_20180409_D_LG","N",43.51655,-79.08008,"Nauplii",0.5419774,2.660725
"242","Early Spring","stn25","stn25_20180409_D_LG","N",43.51655,-79.08008,"Rotifers",0.070459824,1.27399107
"243","Early Spring","stn25","stn25_20180409_D_LG","N",43.51655,-79.08008,"Veligers",0.07552659,0.5975357
"244","Early Spring","stn33","stn33_20180410_N_LG","N",43.59452,-78.8019,"Nauplii",0.5113724,2.813135
"245","Early Spring","stn33","stn33_20180410_N_LG","N",43.59452,-78.8019,"Rotifers",0.06245956,1.449190686
"246","Early Spring","stn33","stn33_20180410_N_LG","N",43.59452,-78.8019,"Veligers",0.09244558,0.8429934
"247","Early Spring","stn41","stn41_20180410_D_LG","D",43.717,-78.02658,"Nauplii",0.3277032,2.652381
"248","Early Spring","stn41","stn41_20180410_D_LG","D",43.717,-78.02658,"Rotifers",0.088317946,1.3901034
"249","Early Spring","stn41","stn41_20180410_D_LG","D",43.717,-78.02658,"Veligers",0.1571915,0.6551062
"250","Early Spring","stn49","stn49_20180410_D_LG","D",43.77222,-77.43795,"Nauplii",0.04737529,0.4958328
"251","Early Spring","stn49","stn49_20180410_D_LG","D",43.77222,-77.43795,"Rotifers",0.00102086,0.036120272
"252","Early Spring","stn49","stn49_20180410_D_LG","D",43.77222,-77.43795,"Veligers",0.001594193,0.003283661
"253","Early Spring","stn55","stn55_20180411_D_LG","D",43.44382,-77.44155,"Nauplii",0.09594581,0.4897075
"254","Early Spring","stn55","stn55_20180411_D_LG","D",43.44382,-77.44155,"Rotifers",0.1222977,2.75126574
"255","Early Spring","stn55","stn55_20180411_D_LG","D",43.44382,-77.44155,"Veligers",0.06128925,0.4006698
"256","Early Spring","stn60","stn60_20180411_D_LG","D",43.57765,-77.1959,"Nauplii",0.1388363,0.4588334
"257","Early Spring","stn60","stn60_20180411_D_LG","D",43.57765,-77.1959,"Rotifers",0.081693923,1.513410128
"258","Early Spring","stn60","stn60_20180411_D_LG","D",43.57765,-77.1959,"Veligers",0.06834831,0.151711
"259","Early Spring","stn63","stn63_20180410_D_LG","D",43.73185,-77.0176,"Nauplii",0.009018523,0.1247763
"260","Early Spring","stn63","stn63_20180410_D_LG","D",43.73185,-77.0176,"Rotifers",0.0015823,0.045917699
"261","Early Spring","stn63","stn63_20180410_D_LG","D",43.73185,-77.0176,"Veligers",0.001594408,0.004991054
"262","Early Summer","stn12","stn12_20180620_D_Cisco","D",43.503333,-79.353333,"Nauplii",1.187947108,13.63947368
"263","Early Summer","stn12","stn12_20180620_D_Cisco","D",43.503333,-79.353333,"Rotifers",2.0219607,50.260526311
"264","Early Summer","stn12","stn12_20180620_D_Cisco","D",43.503333,-79.353333,"Veligers",5.346060473,18.12368421
"265","Early Summer","stn18","stn18_20180620_D_Cisco","D",43.303333,-79.278333,"Nauplii",11.0148885,72.37956204
"266","Early Summer","stn18","stn18_20180620_D_Cisco","D",43.303333,-79.278333,"Rotifers",18.187579152,71.40145986
"267","Early Summer","stn18","stn18_20180620_D_Cisco","D",43.303333,-79.278333,"Veligers",8.214591893,35.21167883
"268","Early Summer","stn19","stn19_20180620_D_Cisco","D",43.383333,-79.285,"Nauplii",4.054126705,44.0840708
"269","Early Summer","stn19","stn19_20180620_D_Cisco","D",43.383333,-79.285,"Rotifers",16.168352384,48.743362838
"270","Early Summer","stn19","stn19_20180620_D_Cisco","D",43.383333,-79.285,"Veligers",6.103239924,26.52212389
"271","Early Summer","stn27","stn27_20180619_D_LG","D",43.68971667,-78.82913333,"Nauplii",4.111221894,39.4544103
"272","Early Summer","stn27","stn27_20180619_D_LG","D",43.68971667,-78.82913333,"Rotifers",0.152998354,8.261820959
"273","Early Summer","stn27","stn27_20180619_D_LG","D",43.68971667,-78.82913333,"Veligers",0.357453598,1.854694501
"274","Early Summer","stn28","stn28_20180619_D_LG","D",43.77431667,-78.85661667,"Nauplii",0.649774555,4.992902008
"275","Early Summer","stn28","stn28_20180619_D_LG","D",43.77431667,-78.85661667,"Rotifers",1.583435462,32.78672318
"276","Early Summer","stn28","stn28_20180619_D_LG","D",43.77431667,-78.85661667,"Veligers",2.632159202,8.820793547
"277","Early Summer","stn29","stn29_20180619_D_LG","D",43.81798333,-78.87075,"Nauplii",0.316561096,3.81283474
"278","Early Summer","stn29","stn29_20180619_D_LG","D",43.81798333,-78.87075,"Rotifers",0.08226892,7.725134733
"279","Early Summer","stn29","stn29_20180619_D_LG","D",43.81798333,-78.87075,"Veligers",0.792121722,3.647059316
"280","Early Summer","stn33","stn33_20180618_N_LG","N",43.5959,-78.81518333,"Nauplii",4.213847809,20.35611371
"281","Early Summer","stn33","stn33_20180618_N_LG","N",43.5959,-78.81518333,"Rotifers",0.332255743,8.692610718
"282","Early Summer","stn33","stn33_20180618_N_LG","N",43.5959,-78.81518333,"Veligers",1.831235387,5.391619307
"283","Early Summer","stn33","stn33_20180619_D_LG","D",43.59638333,-78.81388333,"Nauplii",3.772184569,28.99391551
"284","Early Summer","stn33","stn33_20180619_D_LG","D",43.59638333,-78.81388333,"Rotifers",0.430147536,34.936767763
"285","Early Summer","stn33","stn33_20180619_D_LG","D",43.59638333,-78.81388333,"Veligers",1.494483672,5.942852248
"286","Early Summer","stn34","stn34_20180619_D_LG","D",43.46465,-78.752805,"Nauplii",1.959687028,17.4119342
"287","Early Summer","stn34","stn34_20180619_D_LG","D",43.46465,-78.752805,"Rotifers",0.544682079,11.34066767
"288","Early Summer","stn34","stn34_20180619_D_LG","D",43.46465,-78.752805,"Veligers",0.770233887,3.665670358
"289","Early Summer","stn35","stn35_20180619_D_LG","D",43.36341667,-78.72616667,"Nauplii",3.254902134,29.42141951
"290","Early Summer","stn35","stn35_20180619_D_LG","D",43.36341667,-78.72616667,"Rotifers",12.282752381,118.911570547
"291","Early Summer","stn35","stn35_20180619_D_LG","D",43.36341667,-78.72616667,"Veligers",10.50235572,50.87453791
"292","Early Summer","stn38","stn38_20180620_D_LG","D",43.3837,-77.99106667,"Nauplii",1.253239657,11.63297218
"293","Early Summer","stn38","stn38_20180620_D_LG","D",43.3837,-77.99106667,"Rotifers",34.296885123,187.789408012
"294","Early Summer","stn38","stn38_20180620_D_LG","D",43.3837,-77.99106667,"Veligers",3.076235081,17.44945827
"295","Early Summer","stn39","stn39_20180620_D_LG","D",43.48628333,-78.00055,"Nauplii",4.115146977,20.68624407
"296","Early Summer","stn39","stn39_20180620_D_LG","D",43.48628333,-78.00055,"Rotifers",0.739880226,28.150352756
"297","Early Summer","stn39","stn39_20180620_D_LG","D",43.48628333,-78.00055,"Veligers",0.405820858,1.066301241
"298","Early Summer","stn40","stn40_20180620_D_LG","D",43.58986667,-78.01195,"Nauplii",10.99628171,86.95846366
"299","Early Summer","stn40","stn40_20180620_D_LG","D",43.58986667,-78.01195,"Rotifers",0.915085222,39.184986708
"300","Early Summer","stn40","stn40_20180620_D_LG","D",43.58986667,-78.01195,"Veligers",0.321328682,2.14712256
"301","Early Summer","stn41","stn41_20180620_D_LG","D",43.715785,-78.02808833,"Nauplii",7.790491014,74.33400064
"302","Early Summer","stn41","stn41_20180620_D_LG","D",43.715785,-78.02808833,"Rotifers",2.772560246,69.443605855
"303","Early Summer","stn41","stn41_20180620_D_LG","D",43.715785,-78.02808833,"Veligers",6.230521712,19.56157912
"304","Early Summer","stn42","stn42_20180620_D_LG","D",43.83906667,-78.03611667,"Nauplii",0.49036273,10.83657389
"305","Early Summer","stn42","stn42_20180620_D_LG","D",43.83906667,-78.03611667,"Rotifers",0.827289286,64.417411478
"306","Early Summer","stn42","stn42_20180620_D_LG","D",43.83906667,-78.03611667,"Veligers",8.68392737,33.71378544
"307","Early Summer","stn43","stn43_20180620_D_LG","D",43.9496,-78.04975333,"Nauplii",0.007172013,0.264257264
"308","Early Summer","stn43","stn43_20180620_D_LG","D",43.9496,-78.04975333,"Rotifers",0.759779495,36.731759692
"309","Early Summer","stn43","stn43_20180620_D_LG","D",43.9496,-78.04975333,"Veligers",7.449560396,42.41329087
"310","Early Summer","stn48","stn48_20180622_D_LG","D",43.879935,-77.44046667,"Nauplii",0.070173894,1.69124649
"311","Early Summer","stn48","stn48_20180622_D_LG","D",43.879935,-77.44046667,"Rotifers",5.908230745,95.273552245
"312","Early Summer","stn48","stn48_20180622_D_LG","D",43.879935,-77.44046667,"Veligers",7.256652535,33.54305538
"313","Early Summer","stn49","stn49_20180622_D_LG","D",43.77098333,-77.42478333,"Nauplii",0.521003431,9.704542062
"314","Early Summer","stn49","stn49_20180622_D_LG","D",43.77098333,-77.42478333,"Rotifers",10.120513875,145.568130885
"315","Early Summer","stn49","stn49_20180622_D_LG","D",43.77098333,-77.42478333,"Veligers",5.3591303,20.70302307
"316","Early Summer","stn55","stn55_20180620_D_LG","D",43.443,-77.43803333,"Nauplii",14.07486372,67.69062655
"317","Early Summer","stn55","stn55_20180620_D_LG","D",43.443,-77.43803333,"Rotifers",0.116793375,5.15410862
"318","Early Summer","stn55","stn55_20180620_D_LG","D",43.443,-77.43803333,"Veligers",0.044505813,0.343607241
"319","Early Summer","stn58","stn58_20180620_D_LG","D",43.32793333,-77.4379,"Nauplii",9.246451324,63.36073158
"320","Early Summer","stn58","stn58_20180620_D_LG","D",43.32793333,-77.4379,"Rotifers",11.54024179,186.299464501
"321","Early Summer","stn58","stn58_20180620_D_LG","D",43.32793333,-77.4379,"Veligers",1.983495756,8.511143048
"322","Early Summer","stn62","stn62_20180621_D_LG","D",43.82815,-76.99186667,"Nauplii",11.99335532,46.99512746
"323","Early Summer","stn62","stn62_20180621_D_LG","D",43.82815,-76.99186667,"Rotifers",44.921712622,83.883775885
"324","Early Summer","stn62","stn62_20180621_D_LG","D",43.82815,-76.99186667,"Veligers",0.560899393,2.526619756
"325","Early Summer","stn63","stn63_20180621_D_LG","D",43.73246667,-77.01631667,"Nauplii",0.890159015,8.872338477
"326","Early Summer","stn63","stn63_20180621_D_LG","D",43.73246667,-77.01631667,"Rotifers",5.919000522,71.89653593
"327","Early Summer","stn63","stn63_20180621_D_LG","D",43.73246667,-77.01631667,"Veligers",5.40657582,28.14672896
"328","Early Summer","stn69","stn69_20180621_D_LG","D",43.59906833,-76.710005,"Nauplii",6.445099163,50.85697777
"329","Early Summer","stn69","stn69_20180621_D_LG","D",43.59906833,-76.710005,"Rotifers",1.849596097,20.782899575
"330","Early Summer","stn69","stn69_20180621_D_LG","D",43.59906833,-76.710005,"Veligers",0.348653133,1.222523504
"331","Early Summer","stn69","stn69_20180621_N_LG","D",43.59906833,-76.710005,"Nauplii",8.298508308,57.09714711
"332","Early Summer","stn69","stn69_20180621_N_LG","D",43.59906833,-76.710005,"Rotifers",1.258950147,41.385851597
"333","Early Summer","stn69","stn69_20180621_N_LG","D",43.59906833,-76.710005,"Veligers",0.246267289,1.532809318
"334","Early Summer","stn70","stn70_20180621_D_LG","D",43.54175167,-76.62152,"Nauplii",15.24541653,78.84222945
"335","Early Summer","stn70","stn70_20180621_D_LG","D",43.54175167,-76.62152,"Rotifers",6.244838884,11.925715378
"336","Early Summer","stn70","stn70_20180621_D_LG","D",43.54175167,-76.62152,"Veligers",0.16206261,0.993809615
"337","Early Summer","stn71","stn71_20180621_D_LG","D",43.48515,-76.52046667,"Nauplii",1.068707113,4.783105506
"338","Early Summer","stn71","stn71_20180621_D_LG","D",43.48515,-76.52046667,"Rotifers",11.86760198,143.493165167
"339","Early Summer","stn71","stn71_20180621_D_LG","D",43.48515,-76.52046667,"Veligers",0.865931392,3.188737004
"340","Early Summer","stn715","stn715_20180620_N_LG","N",43.63643333,-76.96826667,"Nauplii",3.926650852,25.00628738
"341","Early Summer","stn715","stn715_20180620_N_LG","N",43.63643333,-76.96826667,"Rotifers",2.214780917,35.425573787
"342","Early Summer","stn715","stn715_20180620_N_LG","N",43.63643333,-76.96826667,"Veligers",0.581784802,2.31539698
"343","Early Summer","stn715","stn715_20180621_D_LG","D",43.63643333,-76.96826667,"Nauplii",5.496541369,32.07923029
"344","Early Summer","stn715","stn715_20180621_D_LG","D",43.63643333,-76.96826667,"Rotifers",4.953647905,106.193314068
"345","Early Summer","stn715","stn715_20180621_D_LG","D",43.63643333,-76.96826667,"Veligers",3.180591349,15.48652497
"346","Early Summer","stn716","stn716_20180622_D_LG","D",43.443,-77.43803333,"Nauplii",10.90578925,81.01494575
"347","Early Summer","stn716","stn716_20180622_D_LG","D",43.443,-77.43803333,"Rotifers",0.925611907,26.133853462
"348","Early Summer","stn716","stn716_20180622_D_LG","D",43.443,-77.43803333,"Veligers",0.217635751,1.306692673
"349","Early Summer","stn717","stn717_20180620_D_LG","D",43.30003333,-77.43335,"Nauplii",3.69351446,24.30867871
"350","Early Summer","stn717","stn717_20180620_D_LG","D",43.30003333,-77.43335,"Rotifers",0.450597109,45.028156542
"351","Early Summer","stn717","stn717_20180620_D_LG","D",43.30003333,-77.43335,"Veligers",3.221895201,13.05163958
"352","Early Summer","stn9","stn9_20180620_D_Cisco","D",43.586667,-79.395,"Nauplii",1.283181047,16.275
"353","Early Summer","stn9","stn9_20180620_D_Cisco","D",43.586667,-79.395,"Rotifers",2.536599304,82.775
"354","Early Summer","stn9","stn9_20180620_D_Cisco","D",43.586667,-79.395,"Veligers",23.73350963,83.825
"355","Late Fall","stn12","stn12_20181003_D_Cisco","D",43.503333,-79.353333,"Nauplii",0.753546741,8.871955463
"356","Late Fall","stn12","stn12_20181003_D_Cisco","D",43.503333,-79.353333,"Rotifers",0.762052413,34.178844817
"357","Late Fall","stn12","stn12_20181003_D_Cisco","D",43.503333,-79.353333,"Veligers",8.586504674,7.70842032
"358","Late Fall","stn18","stn18_20181003_D_Cisco","D",43.303333,-79.278333,"Nauplii",0.259778928,3.201825558
"359","Late Fall","stn18","stn18_20181003_D_Cisco","D",43.303333,-79.278333,"Rotifers",0.887677972,16.868154157
"360","Late Fall","stn18","stn18_20181003_D_Cisco","D",43.303333,-79.278333,"Veligers",19.350031,22.95943205
"361","Late Fall","stn19","stn19_20181003_D_Cisco","D",43.383333,-79.285,"Nauplii",0.449670669,5.067285383
"362","Late Fall","stn19","stn19_20181003_D_Cisco","D",43.383333,-79.285,"Rotifers",0.81332051,38.215777269
"363","Late Fall","stn19","stn19_20181003_D_Cisco","D",43.383333,-79.285,"Veligers",22.81334856,24.49187935
"364","Late Fall","stn9","stn9_20181003_D_Cisco","D",43.586667,-79.395,"Nauplii",3.247178578,22.23529412
"365","Late Fall","stn9","stn9_20181003_D_Cisco","D",43.586667,-79.395,"Rotifers",4.206187027,74.756592299
"366","Late Fall","stn9","stn9_20181003_D_Cisco","D",43.586667,-79.395,"Veligers",18.50388633,18.78498986
"367","Late Spring","stn12","stn12_20180524_D_LJ","D",43.503333,-79.353333,"Nauplii",0.686706702,6.421291053
"368","Late Spring","stn12","stn12_20180524_D_LJ","D",43.503333,-79.353333,"Rotifers",0.463152795,25.090600231
"369","Late Spring","stn12","stn12_20180524_D_LJ","D",43.503333,-79.353333,"Veligers",0.756936609,4.875424689
"370","Late Spring","stn18","stn18_20180524_D_LJ","D",43.303333,-79.278333,"Nauplii",2.642578334,22.02015113
"371","Late Spring","stn18","stn18_20180524_D_LJ","D",43.303333,-79.278333,"Rotifers",1.539961737,40.760705287
"372","Late Spring","stn18","stn18_20180524_D_LJ","D",43.303333,-79.278333,"Veligers",2.05701425,13.11838791
"373","Late Spring","stn19","stn19_20180524_D_LJ","D",43.383333,-79.285,"Nauplii",1.626958842,24.99543379
"374","Late Spring","stn19","stn19_20180524_D_LJ","D",43.383333,-79.285,"Rotifers",1.236392287,63.756468801
"375","Late Spring","stn19","stn19_20180524_D_LJ","D",43.383333,-79.285,"Veligers",2.455216362,16.30136986
"376","Late Spring","stn27","stn27_20180521_D_LG","D",43.68651833,-78.82731167,"Nauplii",0.27585029,1.738039871
"377","Late Spring","stn27","stn27_20180521_D_LG","D",43.68651833,-78.82731167,"Rotifers",0.404925814,9.939415511
"378","Late Spring","stn27","stn27_20180521_D_LG","D",43.68651833,-78.82731167,"Veligers",0.088261034,0.706078698
"379","Late Spring","stn28","stn28_20180521_D_LG","D",43.77628333,-78.86028667,"Nauplii",0.478164291,2.463699706
"380","Late Spring","stn28","stn28_20180521_D_LG","D",43.77628333,-78.86028667,"Rotifers",0.530324927,10.522050824
"381","Late Spring","stn28","stn28_20180521_D_LG","D",43.77628333,-78.86028667,"Veligers",0.091466733,0.615924926
"382","Late Spring","stn29","stn29_20180521_D_LG","D",43.81958333,-78.8737,"Nauplii",0.502920833,2.850374943
"383","Late Spring","stn29","stn29_20180521_D_LG","D",43.81958333,-78.8737,"Rotifers",0.107577849,2.219761018
"384","Late Spring","stn29","stn29_20180521_D_LG","D",43.81958333,-78.8737,"Veligers",0.39910071,3.001722285
"385","Late Spring","stn33","stn33_20180521_D_LG","D",43.59703333,-78.81426667,"Nauplii",3.604459828,3.32323529
"386","Late Spring","stn33","stn33_20180521_D_LG","D",43.59703333,-78.81426667,"Rotifers",0.18733233,3.517766136
"387","Late Spring","stn33","stn33_20180521_D_LG","D",43.59703333,-78.81426667,"Veligers",0.177014411,1.2644505
"388","Late Spring","stn33","stn33_20180522_N_LG","N",43.60321667,-78.81972,"Nauplii",1.062188004,4.870948941
"389","Late Spring","stn33","stn33_20180522_N_LG","N",43.60321667,-78.81972,"Rotifers",0.027617249,1.005116449
"390","Late Spring","stn33","stn33_20180522_N_LG","N",43.60321667,-78.81972,"Veligers",0.1341659,0.953572015
"391","Late Spring","stn34","stn34_20180521_D_LG","D",43.4622,-78.76003333,"Nauplii",4.211629586,36.7787145
"392","Late Spring","stn34","stn34_20180521_D_LG","D",43.4622,-78.76003333,"Rotifers",1.377454955,33.741939907
"393","Late Spring","stn34","stn34_20180521_D_LG","D",43.4622,-78.76003333,"Veligers",1.140982877,8.098065578
"394","Late Spring","stn34","stn34_20180521_N_LG","N",43.460835,-78.75971667,"Nauplii",4.253722103,31.32180999
"395","Late Spring","stn34","stn34_20180521_N_LG","N",43.460835,-78.75971667,"Rotifers",0.492818579,20.680425823
"396","Late Spring","stn34","stn34_20180521_N_LG","N",43.460835,-78.75971667,"Veligers",1.306046621,9.637479996
"397","Late Spring","stn35","stn35_20180521_D_LG","D",43.36216667,-78.72908333,"Nauplii",0.728633026,6.546841119
"398","Late Spring","stn35","stn35_20180521_D_LG","D",43.36216667,-78.72908333,"Rotifers",0.03859664,1.015014127
"399","Late Spring","stn35","stn35_20180521_D_LG","D",43.36216667,-78.72908333,"Veligers",0.292007315,2.359907845
"400","Late Spring","stn38","stn38_20180522_D_LG","D",43.38413333,-77.98848333,"Nauplii",0.102293083,1.187855215
"401","Late Spring","stn38","stn38_20180522_D_LG","D",43.38413333,-77.98848333,"Rotifers",0.03623699,0.64602652
"402","Late Spring","stn38","stn38_20180522_D_LG","D",43.38413333,-77.98848333,"Veligers",0.017906882,0.111144348
"403","Late Spring","stn39","stn39_20180522_D_LG","D",43.48628333,-78.0005,"Nauplii",1.55852399,17.58708084
"404","Late Spring","stn39","stn39_20180522_D_LG","D",43.48628333,-78.0005,"Rotifers",0.529949611,13.26483216
"405","Late Spring","stn39","stn39_20180522_D_LG","D",43.48628333,-78.0005,"Veligers",0.261576423,1.937559754
"406","Late Spring","stn40","stn40_20180522_D_LG","D",43.59001667,-78.01153333,"Nauplii",0.75202879,5.70582149
"407","Late Spring","stn40","stn40_20180522_D_LG","D",43.59001667,-78.01153333,"Rotifers",0.123391693,3.519159363
"408","Late Spring","stn40","stn40_20180522_D_LG","D",43.59001667,-78.01153333,"Veligers",0.086582182,0.614998724
"409","Late Spring","stn41","stn41_20180522_D_LG","D",43.71656667,-78.02598333,"Nauplii",1.206372236,6.83692105
"410","Late Spring","stn41","stn41_20180522_D_LG","D",43.71656667,-78.02598333,"Rotifers",0.305965719,15.02532649
"411","Late Spring","stn41","stn41_20180522_D_LG","D",43.71656667,-78.02598333,"Veligers",0.059477035,0.476994492
"412","Late Spring","stn42","stn42_20180522_D_LG","D",43.83976667,-78.0366,"Nauplii",0.179522332,1.682446003
"413","Late Spring","stn42","stn42_20180522_D_LG","D",43.83976667,-78.0366,"Rotifers",0.435403097,11.9117177
"414","Late Spring","stn42","stn42_20180522_D_LG","D",43.83976667,-78.0366,"Veligers",0.037294427,0.269191361
"415","Late Spring","stn43","stn43_20180522_D_LG","D",43.95098667,-78.04831833,"Nauplii",3.100587261,20.22168654
"416","Late Spring","stn43","stn43_20180522_D_LG","D",43.95098667,-78.04831833,"Rotifers",0.09684262,5.153016649
"417","Late Spring","stn43","stn43_20180522_D_LG","D",43.95098667,-78.04831833,"Veligers",2.459852082,18.03555827
"418","Late Spring","stn48","stn48_20180524_D_LG","D",43.881985,-77.43742167,"Nauplii",7.170418752,5.683581953
"419","Late Spring","stn48","stn48_20180524_D_LG","D",43.881985,-77.43742167,"Rotifers",0.153078753,3.369133632
"420","Late Spring","stn48","stn48_20180524_D_LG","D",43.881985,-77.43742167,"Veligers",2.037608059,15.46871789
"421","Late Spring","stn49","stn49_20180524_D_LG","D",43.77145167,-77.43761833,"Nauplii",1.717222223,5.249110199
"422","Late Spring","stn49","stn49_20180524_D_LG","D",43.77145167,-77.43761833,"Rotifers",0.084296685,1.939888552
"423","Late Spring","stn49","stn49_20180524_D_LG","D",43.77145167,-77.43761833,"Veligers",0.054304117,0.410799929
"424","Late Spring","stn55","stn55_20180524_D_LG","D",43.4439,-77.43883333,"Nauplii",0.345079962,6.907430516
"425","Late Spring","stn55","stn55_20180524_D_LG","D",43.4439,-77.43883333,"Rotifers",0.049234604,1.098104339
"426","Late Spring","stn55","stn55_20180524_D_LG","D",43.4439,-77.43883333,"Veligers",0.092198664,0.425072647
"427","Late Spring","stn58","stn58_20180524_D_LG","D",43.3281,-77.43873333,"Nauplii",1.278916136,18.12770859
"428","Late Spring","stn58","stn58_20180524_D_LG","D",43.3281,-77.43873333,"Rotifers",0.388428276,14.712343201
"429","Late Spring","stn58","stn58_20180524_D_LG","D",43.3281,-77.43873333,"Veligers",0.773846375,3.152644971
"430","Late Spring","stn62","stn62_20180523_D_LG","D",43.82793333,-76.99306667,"Nauplii",0.660442331,4.838359803
"431","Late Spring","stn62","stn62_20180523_D_LG","D",43.82793333,-76.99306667,"Rotifers",0.618220674,24.191799014
"432","Late Spring","stn62","stn62_20180523_D_LG","D",43.82793333,-76.99306667,"Veligers",1.040731046,10.33055201
"433","Late Spring","stn63","stn63_20180523_D_LG","D",43.73163333,-77.00165333,"Nauplii",0.216902163,1.708329787
"434","Late Spring","stn63","stn63_20180523_D_LG","D",43.73163333,-77.00165333,"Rotifers",0.649648178,14.184313989
"435","Late Spring","stn63","stn63_20180523_D_LG","D",43.73163333,-77.00165333,"Veligers",0.007318347,0.051767569
"436","Late Spring","stn69","stn69_20180523_D_LG","D",43.60028333,-76.70981667,"Nauplii",0.379391478,4.533937762
"437","Late Spring","stn69","stn69_20180523_D_LG","D",43.60028333,-76.70981667,"Rotifers",0.022955666,1.194305558
"438","Late Spring","stn69","stn69_20180523_D_LG","D",43.60028333,-76.70981667,"Veligers",0.146724538,1.03948817
"439","Late Spring","stn69","stn69_20180523_N_LG","N",43.59818333,-76.710135,"Nauplii",0.446663534,5.337962657
"440","Late Spring","stn69","stn69_20180523_N_LG","N",43.59818333,-76.710135,"Rotifers",0.023975725,0.598029012
"441","Late Spring","stn69","stn69_20180523_N_LG","N",43.59818333,-76.710135,"Veligers",0.058754853,0.398686008
"442","Late Spring","stn70","stn70_20180523_D_LG","D",44.54013333,-76.611315,"Nauplii",0.816168592,9.604833005
"443","Late Spring","stn70","stn70_20180523_D_LG","D",44.54013333,-76.611315,"Rotifers",0.070057412,1.289537765
"444","Late Spring","stn70","stn70_20180523_D_LG","D",44.54013333,-76.611315,"Veligers",0.113417231,0.80040275
"445","Late Spring","stn71","stn71_20180523_D_LG","D",43.4779,-76.52503667,"Nauplii",0.235411325,1.909309762
"446","Late Spring","stn71","stn71_20180523_D_LG","D",43.4779,-76.52503667,"Rotifers",0.018348279,1.097853113
"447","Late Spring","stn71","stn71_20180523_D_LG","D",43.4779,-76.52503667,"Veligers",0.033840325,0.29832965
"448","Late Spring","stn715","stn715_20180522_N_LG","N",43.63547,-76.97046667,"Nauplii",0.225145486,3.06719115
"449","Late Spring","stn715","stn715_20180522_N_LG","N",43.63547,-76.97046667,"Rotifers",0.300397691,5.576711181
"450","Late Spring","stn715","stn715_20180522_N_LG","N",43.63547,-76.97046667,"Veligers",0.1042691,0.239001908
"451","Late Spring","stn715","stn715_20180523_D_LG","D",43.6358,-76.96956667,"Nauplii",0.253639439,3.627060486
"452","Late Spring","stn715","stn715_20180523_D_LG","D",43.6358,-76.96956667,"Rotifers",0.060404736,2.991147285
"453","Late Spring","stn715","stn715_20180523_D_LG","D",43.6358,-76.96956667,"Veligers",0.149795534,0.353285112
"454","Late Spring","stn716","stn716_20180524_D_LG","D",43.60015,-77.43985,"Nauplii",0.339617219,3.968378211
"455","Late Spring","stn716","stn716_20180524_D_LG","D",43.60015,-77.43985,"Rotifers",0.068676598,2.491772365
"456","Late Spring","stn716","stn716_20180524_D_LG","D",43.60015,-77.43985,"Veligers",0.087685235,0.33838884
"457","Late Spring","stn717","stn717_20180524_D_LG","D",43.30005,-77.43926667,"Nauplii",0.293227038,4.773320684
"458","Late Spring","stn717","stn717_20180524_D_LG","D",43.30005,-77.43926667,"Rotifers",0.051257133,2.837288518
"459","Late Spring","stn717","stn717_20180524_D_LG","D",43.30005,-77.43926667,"Veligers",0.035045924,0.233659055
"460","Late Spring","stn9","stn9_20180524_D_LJ","D",43.586667,-79.395,"Nauplii",1.561486534,8.631268437
"461","Late Spring","stn9","stn9_20180524_D_LJ","D",43.586667,-79.395,"Rotifers",1.174688462,76.140117998
"462","Late Spring","stn9","stn9_20180524_D_LJ","D",43.586667,-79.395,"Veligers",9.273357853,61.96017699
"463","Late Summer","stn12","stn12_20180813_N_LG","N",43.50319,-79.35308,"Nauplii",2.542802,35.33649
"464","Late Summer","stn12","stn12_20180813_N_LG","N",43.50319,-79.35308,"Rotifers",3.606245857,254.8510666
"465","Late Summer","stn12","stn12_20180813_N_LG","N",43.50319,-79.35308,"Veligers",7.433396,39.6197
"466","Late Summer","stn25","stn25_20180814_N_LG","N",43.51759,-79.08052,"Nauplii",2.73014,22.74269
"467","Late Summer","stn25","stn25_20180814_N_LG","N",43.51759,-79.08052,"Rotifers",4.031441947,170.3896924
"468","Late Summer","stn25","stn25_20180814_N_LG","N",43.51759,-79.08052,"Veligers",22.19711,30.32359
"469","Late Summer","stn33","stn33_20180814_D_LG","D",43.59595,-78.8145,"Nauplii",1.289006,13.7002
"470","Late Summer","stn33","stn33_20180814_D_LG","D",43.59595,-78.8145,"Rotifers",10.853561777,254.6991902
"471","Late Summer","stn33","stn33_20180814_D_LG","D",43.59595,-78.8145,"Veligers",8.83578,14.94567
"472","Late Summer","stn41","stn41_20180814_D_LG","D",43.7165,-78.02716,"Nauplii",4.440004,50.54037
"473","Late Summer","stn41","stn41_20180814_D_LG","D",43.7165,-78.02716,"Rotifers",10.251300592,413.5121224
"474","Late Summer","stn41","stn41_20180814_D_LG","D",43.7165,-78.02716,"Veligers",0.2724117,1.837832
"475","Late Summer","stn49","stn49_20180815_N_LG","N",43.77025,-77.43955,"Nauplii",5.445356,84.71873
"476","Late Summer","stn49","stn49_20180815_N_LG","N",43.77025,-77.43955,"Rotifers",8.239157634,399.568965
"477","Late Summer","stn49","stn49_20180815_N_LG","N",43.77025,-77.43955,"Veligers",0.3860704,1.264459
"478","Late Summer","stn55","stn55_20180815_D_LG","D",43.44362,-77.43833,"Nauplii",1.793573,15.92281
"479","Late Summer","stn55","stn55_20180815_D_LG","D",43.44362,-77.43833,"Rotifers",6.498991838,309.2699774
"480","Late Summer","stn55","stn55_20180815_D_LG","D",43.44362,-77.43833,"Veligers",2.026757,8.573822
"481","Late Summer","stn60","stn60_20180815_D_LG","D",43.57999,-77.19971,"Nauplii",5.853914,53.57311
"482","Late Summer","stn60","stn60_20180815_D_LG","D",43.57999,-77.19971,"Rotifers",13.327799282,410.727175
"483","Late Summer","stn60","stn60_20180815_D_LG","D",43.57999,-77.19971,"Veligers",13.37678,16.66719
"484","Late Summer","stn63","stn63_20180815_N_LG","D",43.73127,-77.01784,"Nauplii",10.35835,91.70173
"485","Late Summer","stn63","stn63_20180815_N_LG","D",43.73127,-77.01784,"Rotifers",8.547669154,399.1208886
"486","Late Summer","stn63","stn63_20180815_N_LG","D",43.73127,-77.01784,"Veligers",0.2199624,0.8733498
"487","Summer","stn12","stn12_20180725_D_LEII","D",43.50366667,-79.35466667,"Nauplii",1.995930575,15.30847736
"488","Summer","stn12","stn12_20180725_D_LEII","D",43.50366667,-79.35466667,"Rotifers",3.211777153,175.714696612
"489","Summer","stn12","stn12_20180725_D_LEII","D",43.50366667,-79.35466667,"Veligers",0.120215788,0.665585972
"490","Summer","stn17","stn17_20180725_D_LEII","D",43.22433333,-79.27416667,"Nauplii",0.01101842,0.150763137
"491","Summer","stn17","stn17_20180725_D_LEII","D",43.22433333,-79.27416667,"Rotifers",2.148144935,36.635442289
"492","Summer","stn17","stn17_20180725_D_LEII","D",43.22433333,-79.27416667,"Veligers",2.471949597,11.75952469
"493","Summer","stn18","stn18_20180725_D_LEII","D",43.303,-79.27816667,"Nauplii",0.222041086,0.417622571
"494","Summer","stn18","stn18_20180725_D_LEII","D",43.303,-79.27816667,"Rotifers",2.728734746,45.729671487
"495","Summer","stn18","stn18_20180725_D_LEII","D",43.303,-79.27816667,"Veligers",5.153600108,2.505735424
"496","Summer","stn19","stn19_20180725_D_LEII","D",43.38316667,-79.28516667,"Nauplii",0.978652978,13.20349408
"497","Summer","stn19","stn19_20180725_D_LEII","D",43.38316667,-79.28516667,"Rotifers",3.263239493,182.208218342
"498","Summer","stn19","stn19_20180725_D_LEII","D",43.38316667,-79.28516667,"Veligers",15.28612555,38.29013283
"499","Summer","stn27","stn27_20180726_D_LEII","D",43.69,-78.8305,"Nauplii",5.004970317,30.55774907
"500","Summer","stn27","stn27_20180726_D_LEII","D",43.69,-78.8305,"Rotifers",6.544284318,305.577490775
"501","Summer","stn27","stn27_20180726_D_LEII","D",43.69,-78.8305,"Veligers",0,0
"502","Summer","stn28","stn28_20180726_D_LEII","D",43.77416667,-78.85466667,"Nauplii",1.479517293,12.63944896
"503","Summer","stn28","stn28_20180726_D_LEII","D",43.77416667,-78.85466667,"Rotifers",2.899900644,241.20281768
"504","Summer","stn28","stn28_20180726_D_LEII","D",43.77416667,-78.85466667,"Veligers",0.768133941,6.31972448
"505","Summer","stn29","stn29_20180726_D_LEII","D",43.81766667,-78.86966667,"Nauplii",0.915539565,10.38454173
"506","Summer","stn29","stn29_20180726_D_LEII","D",43.81766667,-78.86966667,"Rotifers",2.020180298,144.950894935
"507","Summer","stn29","stn29_20180726_D_LEII","D",43.81766667,-78.86966667,"Veligers",2.202308452,9.51916325
"508","Summer","stn33","stn33_20180726_D_LEII","D",43.596,-78.81633333,"Nauplii",1.010663883,6.518986469
"509","Summer","stn33","stn33_20180726_D_LEII","D",43.596,-78.81633333,"Rotifers",2.406018815,117.341756442
"510","Summer","stn33","stn33_20180726_D_LEII","D",43.596,-78.81633333,"Veligers",0.57612073,1.955695941
"511","Summer","stn33","stn33_20180801_N_LEII","N",43.59716667,-78.81533333,"Nauplii",2.172316502,17.47234796
"512","Summer","stn33","stn33_20180801_N_LEII","N",43.59716667,-78.81533333,"Rotifers",2.463782466,172.134983636
"513","Summer","stn33","stn33_20180801_N_LEII","N",43.59716667,-78.81533333,"Veligers",7.985603439,11.64823198
"514","Summer","stn34","stn34_20180727_D_LEII","D",43.4575,-78.75633333,"Nauplii",1.889529642,20.15792847
"515","Summer","stn34","stn34_20180727_D_LEII","D",43.4575,-78.75633333,"Rotifers",2.072397471,150.554528284
"516","Summer","stn34","stn34_20180727_D_LEII","D",43.4575,-78.75633333,"Veligers",18.81011608,13.85857582
"517","Summer","stn34","stn34_20180731_N_LEII","N",43.4615,-78.75933333,"Nauplii",2.002377452,13.80669131
"518","Summer","stn34","stn34_20180731_N_LEII","N",43.4615,-78.75933333,"Rotifers",1.665554798,106.587656949
"519","Summer","stn34","stn34_20180731_N_LEII","N",43.4615,-78.75933333,"Veligers",7.776521559,7.179479483
"520","Summer","stn35","stn35_20180727_D_LEII","D",43.36233333,-78.72966667,"Nauplii",0.135443328,2.186406946
"521","Summer","stn35","stn35_20180727_D_LEII","D",43.36233333,-78.72966667,"Rotifers",4.788514321,62.191130912
"522","Summer","stn35","stn35_20180727_D_LEII","D",43.36233333,-78.72966667,"Veligers",11.98748444,62.67699912
"523","Summer","stn39","stn39_20180810_D_Limnos","D",43.486667,-78,"Nauplii",0.499167302,4.401622718
"524","Summer","stn39","stn39_20180810_D_Limnos","D",43.486667,-78,"Rotifers",1.452027686,150.912778905
"525","Summer","stn39","stn39_20180810_D_Limnos","D",43.486667,-78,"Veligers",0.302608215,0.628803245
"526","Summer","stn40","stn40_20180810_D_Limnos","D",43.59,-78.011667,"Nauplii",0.197662797,2.328519856
"527","Summer","stn40","stn40_20180810_D_Limnos","D",43.59,-78.011667,"Rotifers",1.516886034,95.469314079
"528","Summer","stn40","stn40_20180810_D_Limnos","D",43.59,-78.011667,"Veligers",0.078427194,0.465703971
"529","Summer","stn41","stn41_20180809_D_Limnos","D",43.716667,-78.026667,"Nauplii",0.52193061,5.697435897
"530","Summer","stn41","stn41_20180809_D_Limnos","D",43.716667,-78.026667,"Rotifers",1.404153163,66.297435906
"531","Summer","stn41","stn41_20180809_D_Limnos","D",43.716667,-78.026667,"Veligers",0.505169454,0.517948718
"532","Summer","stn42","stn42_20180809_D_Limnos","D",43.84,-78.036667,"Nauplii",0.445186601,4.821428571
"533","Summer","stn42","stn42_20180809_D_Limnos","D",43.84,-78.036667,"Rotifers",5.280463864,120.097402602
"534","Summer","stn42","stn42_20180809_D_Limnos","D",43.84,-78.036667,"Veligers",0,0
"535","Summer","stn49","stn49_20180809_D_Limnos","D",43.771667,-77.438333,"Nauplii",0.368618533,3.795620438
"536","Summer","stn49","stn49_20180809_D_Limnos","D",43.771667,-77.438333,"Rotifers",1.999883791,130.948905112
"537","Summer","stn49","stn49_20180809_D_Limnos","D",43.771667,-77.438333,"Veligers",0.334095329,0.94890511
"538","Summer","stn63","stn63_20180801_D_Limnos","D",43.731667,-77.016667,"Nauplii",0.161037496,1.286135693
"539","Summer","stn63","stn63_20180801_D_Limnos","D",43.731667,-77.016667,"Rotifers",3.043047285,180.70206491
"540","Summer","stn63","stn63_20180801_D_Limnos","D",43.731667,-77.016667,"Veligers",0.994026519,7.716814159
"541","Summer","stn64","stn64_20180801_D_Limnos","D",43.525,-76.926667,"Nauplii",1.43230155,9.315068493
"542","Summer","stn64","stn64_20180801_D_Limnos","D",43.525,-76.926667,"Rotifers",1.587204186,185.680365304
"543","Summer","stn64","stn64_20180801_D_Limnos","D",43.525,-76.926667,"Veligers",0,0
"544","Summer","stn65","stn65_20180801_D_Limnos","D",43.423333,-76.883333,"Nauplii",0.140409366,1.702702703
"545","Summer","stn65","stn65_20180801_D_Limnos","D",43.423333,-76.883333,"Rotifers",2.098818137,131.675675683
"546","Summer","stn65","stn65_20180801_D_Limnos","D",43.423333,-76.883333,"Veligers",0.544933248,2.27027027
"547","Summer","stn69","stn69_20180802_D_Limnos","D",43.6078,-76.7142,"Nauplii",0.142959463,1.245762712
"548","Summer","stn69","stn69_20180802_D_Limnos","D",43.6078,-76.7142,"Rotifers",2.785291141,97.584745758
"549","Summer","stn69","stn69_20180802_D_Limnos","D",43.6078,-76.7142,"Veligers",0,0
"550","Summer","stn70","stn70_1970_20180802_D_Limnos","D",43.65,-77.3,"Nauplii",2.177998995,19.16301703
"551","Summer","stn70","stn70_1970_20180802_D_Limnos","D",43.65,-77.3,"Rotifers",2.463485363,227.343065689
"552","Summer","stn70","stn70_1970_20180802_D_Limnos","D",43.65,-77.3,"Veligers",4.05921545,2.613138686
"553","Summer","stn715","stn715_20180801_D_Limnos","D",43.635,-76.968333,"Nauplii",0.384381535,6.256410256
"554","Summer","stn715","stn715_20180801_D_Limnos","D",43.635,-76.968333,"Rotifers",3.72355724,259.641025636
"555","Summer","stn715","stn715_20180801_D_Limnos","D",43.635,-76.968333,"Veligers",0,0
"556","Summer","stn716","stn716_20180809_D_Limnos","D",43.596667,-77.44,"Nauplii",0.299248441,2.617391304
"557","Summer","stn716","stn716_20180809_D_Limnos","D",43.596667,-77.44,"Rotifers",2.638947326,103.947826082
"558","Summer","stn716","stn716_20180809_D_Limnos","D",43.596667,-77.44,"Veligers",0,0
"559","Summer","stn717","stn717_20180731_D_Limnos","D",43.281667,-77.44,"Nauplii",0.286984242,2.646017699
"560","Summer","stn717","stn717_20180731_D_Limnos","D",43.281667,-77.44,"Rotifers",1.424492474,54.345132744
"561","Summer","stn717","stn717_20180731_D_Limnos","D",43.281667,-77.44,"Veligers",3.083075673,7.734513274
"562","Summer","stn74","stn74_20180802_D_Limnos","D",43.75,-76.518333,"Nauplii",0.122136196,1.669099757
"563","Summer","stn74","stn74_20180802_D_Limnos","D",43.75,-76.518333,"Rotifers",0.569619409,56.034063264
"564","Summer","stn74","stn74_20180802_D_Limnos","D",43.75,-76.518333,"Veligers",0.099609293,0.715328467
"565","Summer","stn77","stn77_20180802_D_Limnos","D",43.956667,-76.409167,"Nauplii",0.080255733,0.561797753
"566","Summer","stn77","stn77_20180802_D_Limnos","D",43.956667,-76.409167,"Rotifers",7.106524842,134.269662921
"567","Summer","stn77","stn77_20180802_D_Limnos","D",43.956667,-76.409167,"Veligers",1.528716397,2.247191011
"568","Summer","stn8","stn8_20180725_D_LEII","D",43.62333333,-79.45333333,"Nauplii",0.089357869,1.652028309
"569","Summer","stn8","stn8_20180725_D_LEII","D",43.62333333,-79.45333333,"Rotifers",1.004206409,22.210602825
"570","Summer","stn8","stn8_20180725_D_LEII","D",43.62333333,-79.45333333,"Veligers",7.212911873,42.95273604
"571","Summer","stn84","stn84_20180801_D_Limnos","D",43.885833,-76.732778,"Nauplii",0.082811068,1.381338742
"572","Summer","stn84","stn84_20180801_D_Limnos","D",43.885833,-76.732778,"Rotifers",2.802481181,107.283975659
"573","Summer","stn84","stn84_20180801_D_Limnos","D",43.885833,-76.732778,"Veligers",1.942798354,7.367139959
"574","Summer","stn9","stn9_20180725_D_LEII","D",43.587,-79.395,"Nauplii",0.133147278,1.071431077
"575","Summer","stn9","stn9_20180725_D_LEII","D",43.587,-79.395,"Rotifers",2.825343488,46.964395536
"576","Summer","stn9","stn9_20180725_D_LEII","D",43.587,-79.395,"Veligers",4.545934394,28.03577985
