"","Season","Station","EventID","DN","Lat","Long","SUMGROUP","Zoop_Bio_Sum","Zoop_Den_Sum"
"1","Early Fall","stn33","stn33_20180925_N_LG","N",43.5964,-78.8144,"BOSMINID",5.225195197,3.280177279
"2","Early Fall","stn33","stn33_20180925_N_LG","N",43.5964,-78.8144,"BYTH",0.296203519,0.002048891
"3","Early Fall","stn33","stn33_20180925_N_LG","N",43.5964,-78.8144,"CALANOID",12.732750435,2.960159984
"4","Early Fall","stn33","stn33_20180925_N_LG","N",43.5964,-78.8144,"CERC",0.565477117,0.10507885
"5","Early Fall","stn33","stn33_20180925_N_LG","N",43.5964,-78.8144,"CYCLOPOID",7.238325113,3.600194575
"6","Early Fall","stn33","stn33_20180925_N_LG","N",43.5964,-78.8144,"DAPHNID",36.90123388,7.040380502
"7","Early Fall","stn33","stn33_20180925_N_LG","N",43.5964,-78.8144,"LIMNO",0,0
"8","Early Fall","stn33","stn33_20180925_N_LG","N",43.5964,-78.8144,"MYSID",0,0
"9","Early Fall","stn33","stn33_20180925_N_LG","N",43.5964,-78.8144,"NDAP",1.874428116,0.800043239
"10","Early Fall","stn33","stn33_20180925_N_LG","N",43.5964,-78.8144,"OTHER",0,0
"11","Early Fall","stn34","stn34_20180926_N_LG","N",43.4611,-78.7594,"BOSMINID",5.571160067,3.278225954
"12","Early Fall","stn34","stn34_20180926_N_LG","N",43.4611,-78.7594,"BYTH",0.058109088,0.000585
"13","Early Fall","stn34","stn34_20180926_N_LG","N",43.4611,-78.7594,"CALANOID",7.081170605,1.717165977
"14","Early Fall","stn34","stn34_20180926_N_LG","N",43.4611,-78.7594,"CERC",0.113808157,0.020488912
"15","Early Fall","stn34","stn34_20180926_N_LG","N",43.4611,-78.7594,"CYCLOPOID",6.176185374,3.746543948
"16","Early Fall","stn34","stn34_20180926_N_LG","N",43.4611,-78.7594,"DAPHNID",10.671759987,3.122119957
"17","Early Fall","stn34","stn34_20180926_N_LG","N",43.4611,-78.7594,"LIMNO",0.025347594,0.052035333
"18","Early Fall","stn34","stn34_20180926_N_LG","N",43.4611,-78.7594,"MYSID",0,0
"19","Early Fall","stn34","stn34_20180926_N_LG","N",43.4611,-78.7594,"NDAP",0.205168004,0.104070665
"20","Early Fall","stn34","stn34_20180926_N_LG","N",43.4611,-78.7594,"OTHER",0,0
"21","Early Fall","stn69","stn69_20180924_D_LG","D",43.6053,-76.7147,"BOSMINID",3.658044149,2.628857191
"22","Early Fall","stn69","stn69_20180924_D_LG","D",43.6053,-76.7147,"BYTH",0.309074202,0.002896812
"23","Early Fall","stn69","stn69_20180924_D_LG","D",43.6053,-76.7147,"CALANOID",12.562491661,2.310207833
"24","Early Fall","stn69","stn69_20180924_D_LG","D",43.6053,-76.7147,"CERC",0.207251292,0.034399646
"25","Early Fall","stn69","stn69_20180924_D_LG","D",43.6053,-76.7147,"CYCLOPOID",18.809919111,12.347662559
"26","Early Fall","stn69","stn69_20180924_D_LG","D",43.6053,-76.7147,"DAPHNID",2.376909639,1.194935087
"27","Early Fall","stn69","stn69_20180924_D_LG","D",43.6053,-76.7147,"LIMNO",0,0
"28","Early Fall","stn69","stn69_20180924_D_LG","D",43.6053,-76.7147,"MYSID",0,0
"29","Early Fall","stn69","stn69_20180924_D_LG","D",43.6053,-76.7147,"NDAP",0.779593892,0.238987017
"30","Early Fall","stn69","stn69_20180924_D_LG","D",43.6053,-76.7147,"OTHER",0,0
"31","Early Fall","stn715","stn715_20180924_D_LG","D",43.6356,-76.9694,"BOSMINID",6.053129248,3.204897215
"32","Early Fall","stn715","stn715_20180924_D_LG","D",43.6356,-76.9694,"BYTH",0.096267567,0.001109174
"33","Early Fall","stn715","stn715_20180924_D_LG","D",43.6356,-76.9694,"CALANOID",17.01553706,3.113328725
"34","Early Fall","stn715","stn715_20180924_D_LG","D",43.6356,-76.9694,"CERC",0.022648456,0.003327523
"35","Early Fall","stn715","stn715_20180924_D_LG","D",43.6356,-76.9694,"CYCLOPOID",15.407272314,9.065280696
"36","Early Fall","stn715","stn715_20180924_D_LG","D",43.6356,-76.9694,"DAPHNID",35.81629171,6.409794432
"37","Early Fall","stn715","stn715_20180924_D_LG","D",43.6356,-76.9694,"LIMNO",0,0
"38","Early Fall","stn715","stn715_20180924_D_LG","D",43.6356,-76.9694,"MYSID",0,0
"39","Early Fall","stn715","stn715_20180924_D_LG","D",43.6356,-76.9694,"NDAP",0,0
"40","Early Fall","stn715","stn715_20180924_D_LG","D",43.6356,-76.9694,"OTHER",0,0
"41","Early Spring","stn12","stn12_20180409_D_LG","D",43.50348,-79.35378,"BOSMINID",0.008531643,0.009413065
"42","Early Spring","stn12","stn12_20180409_D_LG","D",43.50348,-79.35378,"BYTH",0,0
"43","Early Spring","stn12","stn12_20180409_D_LG","D",43.50348,-79.35378,"CALANOID",0.904943043,0.188269768
"44","Early Spring","stn12","stn12_20180409_D_LG","D",43.50348,-79.35378,"CERC",0,0
"45","Early Spring","stn12","stn12_20180409_D_LG","D",43.50348,-79.35378,"CYCLOPOID",0.5586563,0.16647055
"46","Early Spring","stn12","stn12_20180409_D_LG","D",43.50348,-79.35378,"DAPHNID",0.007297457,0.003963136
"47","Early Spring","stn12","stn12_20180409_D_LG","D",43.50348,-79.35378,"LIMNO",0.0843274,0.005945376
"48","Early Spring","stn12","stn12_20180409_D_LG","D",43.50348,-79.35378,"MYSID",0,0
"49","Early Spring","stn12","stn12_20180409_D_LG","D",43.50348,-79.35378,"NDAP",0,0
"50","Early Spring","stn12","stn12_20180409_D_LG","D",43.50348,-79.35378,"OTHER",0.001431287,0.000991
"51","Early Spring","stn25","stn25_20180409_D_LG","N",43.51655,-79.08008,"BOSMINID",0.009241746,0.006514016
"52","Early Spring","stn25","stn25_20180409_D_LG","N",43.51655,-79.08008,"BYTH",0,0
"53","Early Spring","stn25","stn25_20180409_D_LG","N",43.51655,-79.08008,"CALANOID",1.30787343,0.177381658
"54","Early Spring","stn25","stn25_20180409_D_LG","N",43.51655,-79.08008,"CERC",0,0
"55","Early Spring","stn25","stn25_20180409_D_LG","N",43.51655,-79.08008,"CYCLOPOID",1.1993871,0.2801026
"56","Early Spring","stn25","stn25_20180409_D_LG","N",43.51655,-79.08008,"DAPHNID",0.010945257,0.003006391
"57","Early Spring","stn25","stn25_20180409_D_LG","N",43.51655,-79.08008,"LIMNO",1.153592414,0.024051754
"58","Early Spring","stn25","stn25_20180409_D_LG","N",43.51655,-79.08008,"MYSID",0,0
"59","Early Spring","stn25","stn25_20180409_D_LG","N",43.51655,-79.08008,"NDAP",0,0
"60","Early Spring","stn25","stn25_20180409_D_LG","N",43.51655,-79.08008,"OTHER",0,0
"61","Early Spring","stn33","stn33_20180410_N_LG","N",43.59452,-78.8019,"BOSMINID",0.001511669,0.002568634
"62","Early Spring","stn33","stn33_20180410_N_LG","N",43.59452,-78.8019,"BYTH",0,0
"63","Early Spring","stn33","stn33_20180410_N_LG","N",43.59452,-78.8019,"CALANOID",2.02342443,0.23631428
"64","Early Spring","stn33","stn33_20180410_N_LG","N",43.59452,-78.8019,"CERC",0,0
"65","Early Spring","stn33","stn33_20180410_N_LG","N",43.59452,-78.8019,"CYCLOPOID",1.2724794,0.23203301
"66","Early Spring","stn33","stn33_20180410_N_LG","N",43.59452,-78.8019,"DAPHNID",0.005029391,0.006849689
"67","Early Spring","stn33","stn33_20180410_N_LG","N",43.59452,-78.8019,"LIMNO",1.070154116,0.02226128
"68","Early Spring","stn33","stn33_20180410_N_LG","N",43.59452,-78.8019,"MYSID",0,0
"69","Early Spring","stn33","stn33_20180410_N_LG","N",43.59452,-78.8019,"NDAP",0,0
"70","Early Spring","stn33","stn33_20180410_N_LG","N",43.59452,-78.8019,"OTHER",0,0
"71","Early Spring","stn41","stn41_20180410_D_LG","D",43.717,-78.02658,"BOSMINID",0.002377608,0.002972688
"72","Early Spring","stn41","stn41_20180410_D_LG","D",43.717,-78.02658,"BYTH",0,0
"73","Early Spring","stn41","stn41_20180410_D_LG","D",43.717,-78.02658,"CALANOID",3.1560989,0.279432689
"74","Early Spring","stn41","stn41_20180410_D_LG","D",43.717,-78.02658,"CERC",0,0
"75","Early Spring","stn41","stn41_20180410_D_LG","D",43.717,-78.02658,"CYCLOPOID",2.352449,0.4617577
"76","Early Spring","stn41","stn41_20180410_D_LG","D",43.717,-78.02658,"DAPHNID",0.00200498,0.001981792
"77","Early Spring","stn41","stn41_20180410_D_LG","D",43.717,-78.02658,"LIMNO",0.5969399,0.009767404
"78","Early Spring","stn41","stn41_20180410_D_LG","D",43.717,-78.02658,"MYSID",0,0
"79","Early Spring","stn41","stn41_20180410_D_LG","D",43.717,-78.02658,"NDAP",0,0
"80","Early Spring","stn41","stn41_20180410_D_LG","D",43.717,-78.02658,"OTHER",0,0
"81","Early Spring","stn49","stn49_20180410_D_LG","D",43.77222,-77.43795,"BOSMINID",0.001395274,0.001876378
"82","Early Spring","stn49","stn49_20180410_D_LG","D",43.77222,-77.43795,"BYTH",0,0
"83","Early Spring","stn49","stn49_20180410_D_LG","D",43.77222,-77.43795,"CALANOID",1.69909352,0.136975618
"84","Early Spring","stn49","stn49_20180410_D_LG","D",43.77222,-77.43795,"CERC",0,0
"85","Early Spring","stn49","stn49_20180410_D_LG","D",43.77222,-77.43795,"CYCLOPOID",2.8702022,0.6332775
"86","Early Spring","stn49","stn49_20180410_D_LG","D",43.77222,-77.43795,"DAPHNID",0,0
"87","Early Spring","stn49","stn49_20180410_D_LG","D",43.77222,-77.43795,"LIMNO",0.700651,0.01206243
"88","Early Spring","stn49","stn49_20180410_D_LG","D",43.77222,-77.43795,"MYSID",0,0
"89","Early Spring","stn49","stn49_20180410_D_LG","D",43.77222,-77.43795,"NDAP",0,0
"90","Early Spring","stn49","stn49_20180410_D_LG","D",43.77222,-77.43795,"OTHER",0,0
"91","Early Spring","stn55","stn55_20180411_D_LG","D",43.44382,-77.44155,"BOSMINID",0.05629478,0.0352759
"92","Early Spring","stn55","stn55_20180411_D_LG","D",43.44382,-77.44155,"BYTH",0,0
"93","Early Spring","stn55","stn55_20180411_D_LG","D",43.44382,-77.44155,"CALANOID",2.22103324,0.344618411
"94","Early Spring","stn55","stn55_20180411_D_LG","D",43.44382,-77.44155,"CERC",0,0
"95","Early Spring","stn55","stn55_20180411_D_LG","D",43.44382,-77.44155,"CYCLOPOID",2.922724,1.1559641
"96","Early Spring","stn55","stn55_20180411_D_LG","D",43.44382,-77.44155,"DAPHNID",0.0352263,0.04613002
"97","Early Spring","stn55","stn55_20180411_D_LG","D",43.44382,-77.44155,"LIMNO",0.1551937,0.003488825
"98","Early Spring","stn55","stn55_20180411_D_LG","D",43.44382,-77.44155,"MYSID",0,0
"99","Early Spring","stn55","stn55_20180411_D_LG","D",43.44382,-77.44155,"NDAP",0,0
"100","Early Spring","stn55","stn55_20180411_D_LG","D",43.44382,-77.44155,"OTHER",0,0
"101","Early Spring","stn60","stn60_20180411_D_LG","D",43.57765,-77.1959,"BOSMINID",0.001843304,0.002466846
"102","Early Spring","stn60","stn60_20180411_D_LG","D",43.57765,-77.1959,"BYTH",0,0
"103","Early Spring","stn60","stn60_20180411_D_LG","D",43.57765,-77.1959,"CALANOID",0.63419135,0.09250673
"104","Early Spring","stn60","stn60_20180411_D_LG","D",43.57765,-77.1959,"CERC",0,0
"105","Early Spring","stn60","stn60_20180411_D_LG","D",43.57765,-77.1959,"CYCLOPOID",1.3296409,0.468700723
"106","Early Spring","stn60","stn60_20180411_D_LG","D",43.57765,-77.1959,"DAPHNID",0,0
"107","Early Spring","stn60","stn60_20180411_D_LG","D",43.57765,-77.1959,"LIMNO",0.08851529,0.00158583
"108","Early Spring","stn60","stn60_20180411_D_LG","D",43.57765,-77.1959,"MYSID",0,0
"109","Early Spring","stn60","stn60_20180411_D_LG","D",43.57765,-77.1959,"NDAP",0,0
"110","Early Spring","stn60","stn60_20180411_D_LG","D",43.57765,-77.1959,"OTHER",0,0
"111","Early Spring","stn63","stn63_20180410_D_LG","D",43.73185,-77.0176,"BOSMINID",0.001077987,0.001388815
"112","Early Spring","stn63","stn63_20180410_D_LG","D",43.73185,-77.0176,"BYTH",0,0
"113","Early Spring","stn63","stn63_20180410_D_LG","D",43.73185,-77.0176,"CALANOID",1.364277903,0.124992937
"114","Early Spring","stn63","stn63_20180410_D_LG","D",43.73185,-77.0176,"CERC",0,0
"115","Early Spring","stn63","stn63_20180410_D_LG","D",43.73185,-77.0176,"CYCLOPOID",1.1699797,0.39233979
"116","Early Spring","stn63","stn63_20180410_D_LG","D",43.73185,-77.0176,"DAPHNID",0,0
"117","Early Spring","stn63","stn63_20180410_D_LG","D",43.73185,-77.0176,"LIMNO",0.9203937,0.01607057
"118","Early Spring","stn63","stn63_20180410_D_LG","D",43.73185,-77.0176,"MYSID",0,0
"119","Early Spring","stn63","stn63_20180410_D_LG","D",43.73185,-77.0176,"NDAP",0,0
"120","Early Spring","stn63","stn63_20180410_D_LG","D",43.73185,-77.0176,"OTHER",0,0
"121","Early Summer","stn33","stn33_20180618_N_LG","N",43.5959,-78.81518333,"BOSMINID",0.149628566,0.042312798
"122","Early Summer","stn33","stn33_20180618_N_LG","N",43.5959,-78.81518333,"BYTH",0.09711879,0.00177951
"123","Early Summer","stn33","stn33_20180618_N_LG","N",43.5959,-78.81518333,"CALANOID",12.254129167,2.200265495
"124","Early Summer","stn33","stn33_20180618_N_LG","N",43.5959,-78.81518333,"CERC",0.069553394,0.009490721
"125","Early Summer","stn33","stn33_20180618_N_LG","N",43.5959,-78.81518333,"CYCLOPOID",12.942360533,6.262294101
"126","Early Summer","stn33","stn33_20180618_N_LG","N",43.5959,-78.81518333,"DAPHNID",1.13096212,0.253876788
"127","Early Summer","stn33","stn33_20180618_N_LG","N",43.5959,-78.81518333,"LIMNO",27.228087451,0.63469197
"128","Early Summer","stn33","stn33_20180618_N_LG","N",43.5959,-78.81518333,"MYSID",0.777245907,0.004448775
"129","Early Summer","stn33","stn33_20180618_N_LG","N",43.5959,-78.81518333,"NDAP",0,0
"130","Early Summer","stn33","stn33_20180618_N_LG","N",43.5959,-78.81518333,"OTHER",0,0
"131","Early Summer","stn33","stn33_20180619_D_LG","D",43.59638333,-78.81388333,"BOSMINID",0.182876952,0.146916362
"132","Early Summer","stn33","stn33_20180619_D_LG","D",43.59638333,-78.81388333,"BYTH",0.067885547,0.001067706
"133","Early Summer","stn33","stn33_20180619_D_LG","D",43.59638333,-78.81388333,"CALANOID",12.84659895,3.709638134
"134","Early Summer","stn33","stn33_20180619_D_LG","D",43.59638333,-78.81388333,"CERC",0.019228449,0.003914922
"135","Early Summer","stn33","stn33_20180619_D_LG","D",43.59638333,-78.81388333,"CYCLOPOID",9.937483327,4.811510847
"136","Early Summer","stn33","stn33_20180619_D_LG","D",43.59638333,-78.81388333,"DAPHNID",0.084007228,0.03672909
"137","Early Summer","stn33","stn33_20180619_D_LG","D",43.59638333,-78.81388333,"LIMNO",6.402897249,0.110187271
"138","Early Summer","stn33","stn33_20180619_D_LG","D",43.59638333,-78.81388333,"MYSID",0,0
"139","Early Summer","stn33","stn33_20180619_D_LG","D",43.59638333,-78.81388333,"NDAP",0,0
"140","Early Summer","stn33","stn33_20180619_D_LG","D",43.59638333,-78.81388333,"OTHER",0,0
"141","Early Summer","stn34","stn34_20180619_D_LG","D",43.46465,-78.752805,"BOSMINID",3.750776072,2.538064118
"142","Early Summer","stn34","stn34_20180619_D_LG","D",43.46465,-78.752805,"BYTH",0.014012506,0.000271
"143","Early Summer","stn34","stn34_20180619_D_LG","D",43.46465,-78.752805,"CALANOID",8.34481939,2.612713063
"144","Early Summer","stn34","stn34_20180619_D_LG","D",43.46465,-78.752805,"CERC",0.012148646,0.001628704
"145","Early Summer","stn34","stn34_20180619_D_LG","D",43.46465,-78.752805,"CYCLOPOID",29.652415854,12.391724809
"146","Early Summer","stn34","stn34_20180619_D_LG","D",43.46465,-78.752805,"DAPHNID",0.582039078,0.074648945
"147","Early Summer","stn34","stn34_20180619_D_LG","D",43.46465,-78.752805,"LIMNO",9.179151588,0.149297889
"148","Early Summer","stn34","stn34_20180619_D_LG","D",43.46465,-78.752805,"MYSID",0,0
"149","Early Summer","stn34","stn34_20180619_D_LG","D",43.46465,-78.752805,"NDAP",0,0
"150","Early Summer","stn34","stn34_20180619_D_LG","D",43.46465,-78.752805,"OTHER",0,0
"151","Early Summer","stn69","stn69_20180621_D_LG","D",43.59906833,-76.710005,"BOSMINID",0.138109225,0.099963985
"152","Early Summer","stn69","stn69_20180621_D_LG","D",43.59906833,-76.710005,"BYTH",0,0
"153","Early Summer","stn69","stn69_20180621_D_LG","D",43.59906833,-76.710005,"CALANOID",3.984516926,1.199567822
"154","Early Summer","stn69","stn69_20180621_D_LG","D",43.59906833,-76.710005,"CERC",0.001586706,0.000267
"155","Early Summer","stn69","stn69_20180621_D_LG","D",43.59906833,-76.710005,"CYCLOPOID",43.88926021,19.592941108
"156","Early Summer","stn69","stn69_20180621_D_LG","D",43.59906833,-76.710005,"DAPHNID",0,0
"157","Early Summer","stn69","stn69_20180621_D_LG","D",43.59906833,-76.710005,"LIMNO",5.922204903,0.099963985
"158","Early Summer","stn69","stn69_20180621_D_LG","D",43.59906833,-76.710005,"MYSID",0,0
"159","Early Summer","stn69","stn69_20180621_D_LG","D",43.59906833,-76.710005,"NDAP",0,0
"160","Early Summer","stn69","stn69_20180621_D_LG","D",43.59906833,-76.710005,"OTHER",0,0
"161","Early Summer","stn69","stn69_20180621_N_LG","D",43.59906833,-76.710005,"BOSMINID",0.099232865,0.070442562
"162","Early Summer","stn69","stn69_20180621_N_LG","D",43.59906833,-76.710005,"BYTH",0.035408117,0.000781
"163","Early Summer","stn69","stn69_20180621_N_LG","D",43.59906833,-76.710005,"CALANOID",3.508869595,1.127080994
"164","Early Summer","stn69","stn69_20180621_N_LG","D",43.59906833,-76.710005,"CERC",0.017160888,0.001953121
"165","Early Summer","stn69","stn69_20180621_N_LG","D",43.59906833,-76.710005,"CYCLOPOID",26.6566619,15.779133918
"166","Early Summer","stn69","stn69_20180621_N_LG","D",43.59906833,-76.710005,"DAPHNID",0.277017081,0.070442562
"167","Early Summer","stn69","stn69_20180621_N_LG","D",43.59906833,-76.710005,"LIMNO",15.682316124,0.281770248
"168","Early Summer","stn69","stn69_20180621_N_LG","D",43.59906833,-76.710005,"MYSID",0,0
"169","Early Summer","stn69","stn69_20180621_N_LG","D",43.59906833,-76.710005,"NDAP",0.257629651,0.070442562
"170","Early Summer","stn69","stn69_20180621_N_LG","D",43.59906833,-76.710005,"OTHER",0,0
"171","Early Summer","stn715","stn715_20180620_N_LG","N",43.63643333,-76.96826667,"BOSMINID",1.619957069,1.252419275
"172","Early Summer","stn715","stn715_20180620_N_LG","N",43.63643333,-76.96826667,"BYTH",0,0
"173","Early Summer","stn715","stn715_20180620_N_LG","N",43.63643333,-76.96826667,"CALANOID",7.882800499,1.633590359
"174","Early Summer","stn715","stn715_20180620_N_LG","N",43.63643333,-76.96826667,"CERC",0.048070503,0.01098212
"175","Early Summer","stn715","stn715_20180620_N_LG","N",43.63643333,-76.96826667,"CYCLOPOID",16.608160377,9.63818312
"176","Early Summer","stn715","stn715_20180620_N_LG","N",43.63643333,-76.96826667,"DAPHNID",0.551626217,0.217812048
"177","Early Summer","stn715","stn715_20180620_N_LG","N",43.63643333,-76.96826667,"LIMNO",16.368966002,0.326718072
"178","Early Summer","stn715","stn715_20180620_N_LG","N",43.63643333,-76.96826667,"MYSID",0,0
"179","Early Summer","stn715","stn715_20180620_N_LG","N",43.63643333,-76.96826667,"NDAP",0,0
"180","Early Summer","stn715","stn715_20180620_N_LG","N",43.63643333,-76.96826667,"OTHER",0,0
"181","Early Summer","stn715","stn715_20180621_D_LG","D",43.63643333,-76.96826667,"BOSMINID",2.076406915,1.617022506
"182","Early Summer","stn715","stn715_20180621_D_LG","D",43.63643333,-76.96826667,"BYTH",0.042716014,0.000828
"183","Early Summer","stn715","stn715_20180621_D_LG","D",43.63643333,-76.96826667,"CALANOID",2.888615986,0.909575159
"184","Early Summer","stn715","stn715_20180621_D_LG","D",43.63643333,-76.96826667,"CERC",0.121999001,0.017948508
"185","Early Summer","stn715","stn715_20180621_D_LG","D",43.63643333,-76.96826667,"CYCLOPOID",59.53822205,20.515973046
"186","Early Summer","stn715","stn715_20180621_D_LG","D",43.63643333,-76.96826667,"DAPHNID",1.041830716,0.30319172
"187","Early Summer","stn715","stn715_20180621_D_LG","D",43.63643333,-76.96826667,"LIMNO",0,0
"188","Early Summer","stn715","stn715_20180621_D_LG","D",43.63643333,-76.96826667,"MYSID",0,0
"189","Early Summer","stn715","stn715_20180621_D_LG","D",43.63643333,-76.96826667,"NDAP",0,0
"190","Early Summer","stn715","stn715_20180621_D_LG","D",43.63643333,-76.96826667,"OTHER",0,0
"191","Late Spring","stn33","stn33_20180521_D_LG","D",43.59703333,-78.81426667,"BOSMINID",0,0
"192","Late Spring","stn33","stn33_20180521_D_LG","D",43.59703333,-78.81426667,"BYTH",0,0
"193","Late Spring","stn33","stn33_20180521_D_LG","D",43.59703333,-78.81426667,"CALANOID",2.573299434,0.98525186
"194","Late Spring","stn33","stn33_20180521_D_LG","D",43.59703333,-78.81426667,"CERC",0,0
"195","Late Spring","stn33","stn33_20180521_D_LG","D",43.59703333,-78.81426667,"CYCLOPOID",0.656318601,0.100195104
"196","Late Spring","stn33","stn33_20180521_D_LG","D",43.59703333,-78.81426667,"DAPHNID",0,0
"197","Late Spring","stn33","stn33_20180521_D_LG","D",43.59703333,-78.81426667,"LIMNO",0.542788438,0.111327894
"198","Late Spring","stn33","stn33_20180521_D_LG","D",43.59703333,-78.81426667,"MYSID",0,0
"199","Late Spring","stn33","stn33_20180521_D_LG","D",43.59703333,-78.81426667,"NDAP",0,0
"200","Late Spring","stn33","stn33_20180521_D_LG","D",43.59703333,-78.81426667,"OTHER",0,0
"201","Late Spring","stn33","stn33_20180522_N_LG","N",43.60321667,-78.81972,"BOSMINID",0,0
"202","Late Spring","stn33","stn33_20180522_N_LG","N",43.60321667,-78.81972,"BYTH",0,0
"203","Late Spring","stn33","stn33_20180522_N_LG","N",43.60321667,-78.81972,"CALANOID",2.642879563,0.931481543
"204","Late Spring","stn33","stn33_20180522_N_LG","N",43.60321667,-78.81972,"CERC",0,0
"205","Late Spring","stn33","stn33_20180522_N_LG","N",43.60321667,-78.81972,"CYCLOPOID",2.252402301,0.287912477
"206","Late Spring","stn33","stn33_20180522_N_LG","N",43.60321667,-78.81972,"DAPHNID",0,0
"207","Late Spring","stn33","stn33_20180522_N_LG","N",43.60321667,-78.81972,"LIMNO",3.908737279,0.533484884
"208","Late Spring","stn33","stn33_20180522_N_LG","N",43.60321667,-78.81972,"MYSID",0.29265346,0.002209047
"209","Late Spring","stn33","stn33_20180522_N_LG","N",43.60321667,-78.81972,"NDAP",0,0
"210","Late Spring","stn33","stn33_20180522_N_LG","N",43.60321667,-78.81972,"OTHER",0,0
"211","Late Spring","stn34","stn34_20180521_D_LG","D",43.4622,-78.76003333,"BOSMINID",0.073382198,0.068794246
"212","Late Spring","stn34","stn34_20180521_D_LG","D",43.4622,-78.76003333,"BYTH",0,0
"213","Late Spring","stn34","stn34_20180521_D_LG","D",43.4622,-78.76003333,"CALANOID",4.081591009,1.765718991
"214","Late Spring","stn34","stn34_20180521_D_LG","D",43.4622,-78.76003333,"CERC",0,0
"215","Late Spring","stn34","stn34_20180521_D_LG","D",43.4622,-78.76003333,"CYCLOPOID",39.414192877,4.288174693
"216","Late Spring","stn34","stn34_20180521_D_LG","D",43.4622,-78.76003333,"DAPHNID",0,0
"217","Late Spring","stn34","stn34_20180521_D_LG","D",43.4622,-78.76003333,"LIMNO",6.864703784,0.298108401
"218","Late Spring","stn34","stn34_20180521_D_LG","D",43.4622,-78.76003333,"MYSID",0,0
"219","Late Spring","stn34","stn34_20180521_D_LG","D",43.4622,-78.76003333,"NDAP",0,0
"220","Late Spring","stn34","stn34_20180521_D_LG","D",43.4622,-78.76003333,"OTHER",0,0
"221","Late Spring","stn34","stn34_20180521_N_LG","N",43.460835,-78.75971667,"BOSMINID",0,0
"222","Late Spring","stn34","stn34_20180521_N_LG","N",43.460835,-78.75971667,"BYTH",0,0
"223","Late Spring","stn34","stn34_20180521_N_LG","N",43.460835,-78.75971667,"CALANOID",5.113476353,2.108328958
"224","Late Spring","stn34","stn34_20180521_N_LG","N",43.460835,-78.75971667,"CERC",0,0
"225","Late Spring","stn34","stn34_20180521_N_LG","N",43.460835,-78.75971667,"CYCLOPOID",31.851172078,4.908453354
"226","Late Spring","stn34","stn34_20180521_N_LG","N",43.460835,-78.75971667,"DAPHNID",0,0
"227","Late Spring","stn34","stn34_20180521_N_LG","N",43.460835,-78.75971667,"LIMNO",22.89638527,0.856508639
"228","Late Spring","stn34","stn34_20180521_N_LG","N",43.460835,-78.75971667,"MYSID",0.228520947,0.001171873
"229","Late Spring","stn34","stn34_20180521_N_LG","N",43.460835,-78.75971667,"NDAP",0,0
"230","Late Spring","stn34","stn34_20180521_N_LG","N",43.460835,-78.75971667,"OTHER",0,0
"231","Late Spring","stn69","stn69_20180523_D_LG","D",43.60028333,-76.70981667,"BOSMINID",0.036778075,0.008389119
"232","Late Spring","stn69","stn69_20180523_D_LG","D",43.60028333,-76.70981667,"BYTH",0,0
"233","Late Spring","stn69","stn69_20180523_D_LG","D",43.60028333,-76.70981667,"CALANOID",2.899827987,0.545292766
"234","Late Spring","stn69","stn69_20180523_D_LG","D",43.60028333,-76.70981667,"CERC",0,0
"235","Late Spring","stn69","stn69_20180523_D_LG","D",43.60028333,-76.70981667,"CYCLOPOID",5.662746831,1.526819747
"236","Late Spring","stn69","stn69_20180523_D_LG","D",43.60028333,-76.70981667,"DAPHNID",0,0
"237","Late Spring","stn69","stn69_20180523_D_LG","D",43.60028333,-76.70981667,"LIMNO",2.334396696,0.142615031
"238","Late Spring","stn69","stn69_20180523_D_LG","D",43.60028333,-76.70981667,"MYSID",0,0
"239","Late Spring","stn69","stn69_20180523_D_LG","D",43.60028333,-76.70981667,"NDAP",0,0
"240","Late Spring","stn69","stn69_20180523_D_LG","D",43.60028333,-76.70981667,"OTHER",0,0
"241","Late Spring","stn69","stn69_20180523_N_LG","N",43.59818333,-76.710135,"BOSMINID",0,0
"242","Late Spring","stn69","stn69_20180523_N_LG","N",43.59818333,-76.710135,"BYTH",0,0
"243","Late Spring","stn69","stn69_20180523_N_LG","N",43.59818333,-76.710135,"CALANOID",5.019835288,0.624721664
"244","Late Spring","stn69","stn69_20180523_N_LG","N",43.59818333,-76.710135,"CERC",0,0
"245","Late Spring","stn69","stn69_20180523_N_LG","N",43.59818333,-76.710135,"CYCLOPOID",12.570457183,2.229120484
"246","Late Spring","stn69","stn69_20180523_N_LG","N",43.59818333,-76.710135,"DAPHNID",0,0
"247","Late Spring","stn69","stn69_20180523_N_LG","N",43.59818333,-76.710135,"LIMNO",2.73096579,0.127783977
"248","Late Spring","stn69","stn69_20180523_N_LG","N",43.59818333,-76.710135,"MYSID",0.041815983,0.000682
"249","Late Spring","stn69","stn69_20180523_N_LG","N",43.59818333,-76.710135,"NDAP",0,0
"250","Late Spring","stn69","stn69_20180523_N_LG","N",43.59818333,-76.710135,"OTHER",0,0
"251","Late Spring","stn715","stn715_20180522_N_LG","N",43.63547,-76.97046667,"BOSMINID",0,0
"252","Late Spring","stn715","stn715_20180522_N_LG","N",43.63547,-76.97046667,"BYTH",0,0
"253","Late Spring","stn715","stn715_20180522_N_LG","N",43.63547,-76.97046667,"CALANOID",2.987258198,0.605307237
"254","Late Spring","stn715","stn715_20180522_N_LG","N",43.63547,-76.97046667,"CERC",0,0
"255","Late Spring","stn715","stn715_20180522_N_LG","N",43.63547,-76.97046667,"CYCLOPOID",6.253333736,1.219648911
"256","Late Spring","stn715","stn715_20180522_N_LG","N",43.63547,-76.97046667,"DAPHNID",0.006447964,0.009034436
"257","Late Spring","stn715","stn715_20180522_N_LG","N",43.63547,-76.97046667,"LIMNO",5.457172738,0.252964218
"258","Late Spring","stn715","stn715_20180522_N_LG","N",43.63547,-76.97046667,"MYSID",0,0
"259","Late Spring","stn715","stn715_20180522_N_LG","N",43.63547,-76.97046667,"NDAP",0,0
"260","Late Spring","stn715","stn715_20180522_N_LG","N",43.63547,-76.97046667,"OTHER",0,0
"261","Late Spring","stn715","stn715_20180523_D_LG","D",43.6358,-76.96956667,"BOSMINID",0.006045877,0.008164811
"262","Late Spring","stn715","stn715_20180523_D_LG","D",43.6358,-76.96956667,"BYTH",0,0
"263","Late Spring","stn715","stn715_20180523_D_LG","D",43.6358,-76.96956667,"CALANOID",0.744204498,0.171461042
"264","Late Spring","stn715","stn715_20180523_D_LG","D",43.6358,-76.96956667,"CERC",0,0
"265","Late Spring","stn715","stn715_20180523_D_LG","D",43.6358,-76.96956667,"CYCLOPOID",3.280802395,0.567454399
"266","Late Spring","stn715","stn715_20180523_D_LG","D",43.6358,-76.96956667,"DAPHNID",0,0
"267","Late Spring","stn715","stn715_20180523_D_LG","D",43.6358,-76.96956667,"LIMNO",0.707530802,0.118389767
"268","Late Spring","stn715","stn715_20180523_D_LG","D",43.6358,-76.96956667,"MYSID",0,0
"269","Late Spring","stn715","stn715_20180523_D_LG","D",43.6358,-76.96956667,"NDAP",0,0
"270","Late Spring","stn715","stn715_20180523_D_LG","D",43.6358,-76.96956667,"OTHER",0,0
"271","Late Summer","stn12","stn12_20180813_N_LG","N",43.50319,-79.35308,"BOSMINID",10.927987,5.771703
"272","Late Summer","stn12","stn12_20180813_N_LG","N",43.50319,-79.35308,"BYTH",0.05925546,0.000475
"273","Late Summer","stn12","stn12_20180813_N_LG","N",43.50319,-79.35308,"CALANOID",4.6407531,0.6827678
"274","Late Summer","stn12","stn12_20180813_N_LG","N",43.50319,-79.35308,"CERC",1.160573,0.2207107
"275","Late Summer","stn12","stn12_20180813_N_LG","N",43.50319,-79.35308,"CYCLOPOID",19.614545,12.090199
"276","Late Summer","stn12","stn12_20180813_N_LG","N",43.50319,-79.35308,"DAPHNID",32.7718197,4.6173625
"277","Late Summer","stn12","stn12_20180813_N_LG","N",43.50319,-79.35308,"LIMNO",0,0
"278","Late Summer","stn12","stn12_20180813_N_LG","N",43.50319,-79.35308,"MYSID",0,0
"279","Late Summer","stn12","stn12_20180813_N_LG","N",43.50319,-79.35308,"NDAP",1.19721,0.6480508
"280","Late Summer","stn12","stn12_20180813_N_LG","N",43.50319,-79.35308,"OTHER",0,0
"281","Late Summer","stn25","stn25_20180814_N_LG","N",43.51759,-79.08052,"BOSMINID",7.604652,5.037021
"282","Late Summer","stn25","stn25_20180814_N_LG","N",43.51759,-79.08052,"BYTH",0.06090144,0.000488
"283","Late Summer","stn25","stn25_20180814_N_LG","N",43.51759,-79.08052,"CALANOID",16.8050337,2.0873598
"284","Late Summer","stn25","stn25_20180814_N_LG","N",43.51759,-79.08052,"CERC",1.970516,0.4088026
"285","Late Summer","stn25","stn25_20180814_N_LG","N",43.51759,-79.08052,"CYCLOPOID",24.476991,8.950077
"286","Late Summer","stn25","stn25_20180814_N_LG","N",43.51759,-79.08052,"DAPHNID",27.3019575,7.4930876
"287","Late Summer","stn25","stn25_20180814_N_LG","N",43.51759,-79.08052,"LIMNO",0,0
"288","Late Summer","stn25","stn25_20180814_N_LG","N",43.51759,-79.08052,"MYSID",0,0
"289","Late Summer","stn25","stn25_20180814_N_LG","N",43.51759,-79.08052,"NDAP",1.755951,0.6601054
"290","Late Summer","stn25","stn25_20180814_N_LG","N",43.51759,-79.08052,"OTHER",0,0
"291","Late Summer","stn33","stn33_20180814_D_LG","D",43.59595,-78.8145,"BOSMINID",0.6998592,0.5670445
"292","Late Summer","stn33","stn33_20180814_D_LG","D",43.59595,-78.8145,"BYTH",0,0
"293","Late Summer","stn33","stn33_20180814_D_LG","D",43.59595,-78.8145,"CALANOID",4.2781134,0.75220189
"294","Late Summer","stn33","stn33_20180814_D_LG","D",43.59595,-78.8145,"CERC",0.7406489,0.2169135
"295","Late Summer","stn33","stn33_20180814_D_LG","D",43.59595,-78.8145,"CYCLOPOID",10.708054,4.617362
"296","Late Summer","stn33","stn33_20180814_D_LG","D",43.59595,-78.8145,"DAPHNID",13.03238,3.361764
"297","Late Summer","stn33","stn33_20180814_D_LG","D",43.59595,-78.8145,"LIMNO",3.597428,0.06943402
"298","Late Summer","stn33","stn33_20180814_D_LG","D",43.59595,-78.8145,"MYSID",0,0
"299","Late Summer","stn33","stn33_20180814_D_LG","D",43.59595,-78.8145,"NDAP",0.4433811,0.7088056
"300","Late Summer","stn33","stn33_20180814_D_LG","D",43.59595,-78.8145,"OTHER",0,0
"301","Late Summer","stn41","stn41_20180814_D_LG","D",43.7165,-78.02716,"BOSMINID",0.4756247,0.445535
"302","Late Summer","stn41","stn41_20180814_D_LG","D",43.7165,-78.02716,"BYTH",0.06588165,0.000949
"303","Late Summer","stn41","stn41_20180814_D_LG","D",43.7165,-78.02716,"CALANOID",5.664859,1.36553572
"304","Late Summer","stn41","stn41_20180814_D_LG","D",43.7165,-78.02716,"CERC",0.09107504,0.02230839
"305","Late Summer","stn41","stn41_20180814_D_LG","D",43.7165,-78.02716,"CYCLOPOID",9.813323,13.305294
"306","Late Summer","stn41","stn41_20180814_D_LG","D",43.7165,-78.02716,"DAPHNID",3.24841679,2.04541028
"307","Late Summer","stn41","stn41_20180814_D_LG","D",43.7165,-78.02716,"LIMNO",0,0
"308","Late Summer","stn41","stn41_20180814_D_LG","D",43.7165,-78.02716,"MYSID",0,0
"309","Late Summer","stn41","stn41_20180814_D_LG","D",43.7165,-78.02716,"NDAP",0.04352727,0.0173585
"310","Late Summer","stn41","stn41_20180814_D_LG","D",43.7165,-78.02716,"OTHER",0,0
"311","Late Summer","stn49","stn49_20180815_N_LG","N",43.77025,-77.43955,"BOSMINID",2.5705636,2.3086815
"312","Late Summer","stn49","stn49_20180815_N_LG","N",43.77025,-77.43955,"BYTH",0.2126959,0.004746466
"313","Late Summer","stn49","stn49_20180815_N_LG","N",43.77025,-77.43955,"CALANOID",4.01993233,0.778239622
"314","Late Summer","stn49","stn49_20180815_N_LG","N",43.77025,-77.43955,"CERC",0.1229757,0.03702244
"315","Late Summer","stn49","stn49_20180815_N_LG","N",43.77025,-77.43955,"CYCLOPOID",22.672242,14.277369
"316","Late Summer","stn49","stn49_20180815_N_LG","N",43.77025,-77.43955,"DAPHNID",5.6914959,1.43786318
"317","Late Summer","stn49","stn49_20180815_N_LG","N",43.77025,-77.43955,"LIMNO",1.688147,0.04628935
"318","Late Summer","stn49","stn49_20180815_N_LG","N",43.77025,-77.43955,"MYSID",0,0
"319","Late Summer","stn49","stn49_20180815_N_LG","N",43.77025,-77.43955,"NDAP",0,0
"320","Late Summer","stn49","stn49_20180815_N_LG","N",43.77025,-77.43955,"OTHER",0,0
"321","Late Summer","stn55","stn55_20180815_D_LG","D",43.44362,-77.43833,"BOSMINID",1.5569007,1.1335697
"322","Late Summer","stn55","stn55_20180815_D_LG","D",43.44362,-77.43833,"BYTH",0.8859447,0.004503058
"323","Late Summer","stn55","stn55_20180815_D_LG","D",43.44362,-77.43833,"CALANOID",5.2388725,1.27355052
"324","Late Summer","stn55","stn55_20180815_D_LG","D",43.44362,-77.43833,"CERC",1.811764,0.2611773
"325","Late Summer","stn55","stn55_20180815_D_LG","D",43.44362,-77.43833,"CYCLOPOID",25.325978,9.106984
"326","Late Summer","stn55","stn55_20180815_D_LG","D",43.44362,-77.43833,"DAPHNID",19.86358854,4.20765665
"327","Late Summer","stn55","stn55_20180815_D_LG","D",43.44362,-77.43833,"LIMNO",0.4482939,0.008234163
"328","Late Summer","stn55","stn55_20180815_D_LG","D",43.44362,-77.43833,"MYSID",0,0
"329","Late Summer","stn55","stn55_20180815_D_LG","D",43.44362,-77.43833,"NDAP",7.971157,2.766679
"330","Late Summer","stn55","stn55_20180815_D_LG","D",43.44362,-77.43833,"OTHER",0,0
"331","Late Summer","stn60","stn60_20180815_D_LG","D",43.57999,-77.19971,"BOSMINID",2.4102392,1.9324279
"332","Late Summer","stn60","stn60_20180815_D_LG","D",43.57999,-77.19971,"BYTH",0.1179683,0.000462
"333","Late Summer","stn60","stn60_20180815_D_LG","D",43.57999,-77.19971,"CALANOID",11.4760848,3.23949281
"334","Late Summer","stn60","stn60_20180815_D_LG","D",43.57999,-77.19971,"CERC",0.2353711,0.03512385
"335","Late Summer","stn60","stn60_20180815_D_LG","D",43.57999,-77.19971,"CYCLOPOID",24.357096,19.048219
"336","Late Summer","stn60","stn60_20180815_D_LG","D",43.57999,-77.19971,"DAPHNID",10.808778,3.7071061
"337","Late Summer","stn60","stn60_20180815_D_LG","D",43.57999,-77.19971,"LIMNO",0,0
"338","Late Summer","stn60","stn60_20180815_D_LG","D",43.57999,-77.19971,"MYSID",0,0
"339","Late Summer","stn60","stn60_20180815_D_LG","D",43.57999,-77.19971,"NDAP",0.2327964,0.1183119
"340","Late Summer","stn60","stn60_20180815_D_LG","D",43.57999,-77.19971,"OTHER",0,0
"341","Late Summer","stn63","stn63_20180815_N_LG","D",43.73127,-77.01784,"BOSMINID",1.2781046,0.81006358
"342","Late Summer","stn63","stn63_20180815_N_LG","D",43.73127,-77.01784,"BYTH",0.1052479,0.000949
"343","Late Summer","stn63","stn63_20180815_N_LG","D",43.73127,-77.01784,"CALANOID",13.4839446,3.70314808
"344","Late Summer","stn63","stn63_20180815_N_LG","D",43.73127,-77.01784,"CERC",0.03675002,0.007119699
"345","Late Summer","stn63","stn63_20180815_N_LG","D",43.73127,-77.01784,"CYCLOPOID",73.36619,40.94872
"346","Late Summer","stn63","stn63_20180815_N_LG","D",43.73127,-77.01784,"DAPHNID",16.3767,3.766796
"347","Late Summer","stn63","stn63_20180815_N_LG","D",43.73127,-77.01784,"LIMNO",0,0
"348","Late Summer","stn63","stn63_20180815_N_LG","D",43.73127,-77.01784,"MYSID",0,0
"349","Late Summer","stn63","stn63_20180815_N_LG","D",43.73127,-77.01784,"NDAP",0,0
"350","Late Summer","stn63","stn63_20180815_N_LG","D",43.73127,-77.01784,"OTHER",0,0
"351","Summer","stn33","stn33_20180726_D_LEII","D",43.596,-78.81633333,"BOSMINID",0.162398459,0.080978035
"352","Summer","stn33","stn33_20180726_D_LEII","D",43.596,-78.81633333,"BYTH",0.291499595,0.002228169
"353","Summer","stn33","stn33_20180726_D_LEII","D",43.596,-78.81633333,"CALANOID",0.751625687,0.16195607
"354","Summer","stn33","stn33_20180726_D_LEII","D",43.596,-78.81633333,"CERC",0.048374774,0.006047888
"355","Summer","stn33","stn33_20180726_D_LEII","D",43.596,-78.81633333,"CYCLOPOID",9.508395282,6.235308698
"356","Summer","stn33","stn33_20180726_D_LEII","D",43.596,-78.81633333,"DAPHNID",0.927723462,0.188948748
"357","Summer","stn33","stn33_20180726_D_LEII","D",43.596,-78.81633333,"LIMNO",8.8363979,0.134963392
"358","Summer","stn33","stn33_20180726_D_LEII","D",43.596,-78.81633333,"MYSID",0,0
"359","Summer","stn33","stn33_20180726_D_LEII","D",43.596,-78.81633333,"NDAP",0,0
"360","Summer","stn33","stn33_20180726_D_LEII","D",43.596,-78.81633333,"OTHER",0,0
"361","Summer","stn33","stn33_20180801_N_LEII","N",43.59716667,-78.81533333,"BOSMINID",0.56523503,0.281279836
"362","Summer","stn33","stn33_20180801_N_LEII","N",43.59716667,-78.81533333,"BYTH",0.93123833,0.006047888
"363","Summer","stn33","stn33_20180801_N_LEII","N",43.59716667,-78.81533333,"CALANOID",2.046992585,0.409134306
"364","Summer","stn33","stn33_20180801_N_LEII","N",43.59716667,-78.81533333,"CERC",0.028681165,0.004456338
"365","Summer","stn33","stn33_20180801_N_LEII","N",43.59716667,-78.81533333,"CYCLOPOID",8.393744005,3.145219986
"366","Summer","stn33","stn33_20180801_N_LEII","N",43.59716667,-78.81533333,"DAPHNID",5.596140773,0.383563413
"367","Summer","stn33","stn33_20180801_N_LEII","N",43.59716667,-78.81533333,"LIMNO",76.687105625,1.252973815
"368","Summer","stn33","stn33_20180801_N_LEII","N",43.59716667,-78.81533333,"MYSID",0.136012572,0.00127324
"369","Summer","stn33","stn33_20180801_N_LEII","N",43.59716667,-78.81533333,"NDAP",0,0
"370","Summer","stn33","stn33_20180801_N_LEII","N",43.59716667,-78.81533333,"OTHER",0,0
"371","Summer","stn34","stn34_20180727_D_LEII","D",43.4575,-78.75633333,"BOSMINID",0.902230443,0.547970469
"372","Summer","stn34","stn34_20180727_D_LEII","D",43.4575,-78.75633333,"BYTH",0.685562018,0.005092958
"373","Summer","stn34","stn34_20180727_D_LEII","D",43.4575,-78.75633333,"CALANOID",12.968500693,2.092250882
"374","Summer","stn34","stn34_20180727_D_LEII","D",43.4575,-78.75633333,"CERC",0.695985605,0.121594376
"375","Summer","stn34","stn34_20180727_D_LEII","D",43.4575,-78.75633333,"CYCLOPOID",4.472008106,2.142066379
"376","Summer","stn34","stn34_20180727_D_LEII","D",43.4575,-78.75633333,"DAPHNID",31.233342312,5.778597673
"377","Summer","stn34","stn34_20180727_D_LEII","D",43.4575,-78.75633333,"LIMNO",25.8166207,0.398523978
"378","Summer","stn34","stn34_20180727_D_LEII","D",43.4575,-78.75633333,"MYSID",0,0
"379","Summer","stn34","stn34_20180727_D_LEII","D",43.4575,-78.75633333,"NDAP",0.020455103,0.049815497
"380","Summer","stn34","stn34_20180727_D_LEII","D",43.4575,-78.75633333,"OTHER",0,0
"381","Summer","stn34","stn34_20180731_N_LEII","N",43.4615,-78.75933333,"BOSMINID",0.546030328,0.319583126
"382","Summer","stn34","stn34_20180731_N_LEII","N",43.4615,-78.75933333,"BYTH",0.274537528,0.001909859
"383","Summer","stn34","stn34_20180731_N_LEII","N",43.4615,-78.75933333,"CALANOID",15.165998174,2.130554171
"384","Summer","stn34","stn34_20180731_N_LEII","N",43.4615,-78.75933333,"CERC",0.229265914,0.041061975
"385","Summer","stn34","stn34_20180731_N_LEII","N",43.4615,-78.75933333,"CYCLOPOID",11.729126084,6.285134806
"386","Summer","stn34","stn34_20180731_N_LEII","N",43.4615,-78.75933333,"DAPHNID",6.291803409,1.171804794
"387","Summer","stn34","stn34_20180731_N_LEII","N",43.4615,-78.75933333,"LIMNO",78.5767565,1.11854094
"388","Summer","stn34","stn34_20180731_N_LEII","N",43.4615,-78.75933333,"MYSID",1.981578586,0.007957747
"389","Summer","stn34","stn34_20180731_N_LEII","N",43.4615,-78.75933333,"NDAP",0.298099581,0.106527709
"390","Summer","stn34","stn34_20180731_N_LEII","N",43.4615,-78.75933333,"OTHER",0,0
"391","Early Fall","stn12","stn12_20180905_D_Cisco","D",43.503333,-79.353333,"pNAUPLII",1.433048271,10.01719198
"392","Early Fall","stn12","stn12_20180905_D_Cisco","D",43.503333,-79.353333,"ROTIFER",1.839749774,72.756446986
"393","Early Fall","stn12","stn12_20180905_D_Cisco","D",43.503333,-79.353333,"VELIGER",1.473540679,5.008595989
"394","Early Fall","stn18","stn18_20180905_D_Cisco","D",43.303333,-79.278333,"pNAUPLII",0.624603538,2.475644699
"395","Early Fall","stn18","stn18_20180905_D_Cisco","D",43.303333,-79.278333,"ROTIFER",0.801223605,44.252149001
"396","Early Fall","stn18","stn18_20180905_D_Cisco","D",43.303333,-79.278333,"VELIGER",0.29614031,1.083094556
"397","Early Fall","stn19","stn19_20180905_D_Cisco","N",43.383333,-79.285,"pNAUPLII",0.50268034,2.728205128
"398","Early Fall","stn19","stn19_20180905_D_Cisco","N",43.383333,-79.285,"ROTIFER",3.187844559,53.784615377
"399","Early Fall","stn19","stn19_20180905_D_Cisco","N",43.383333,-79.285,"VELIGER",1.078144691,2.533333333
"400","Early Fall","stn33","stn33_20180925_N_LG","N",43.5964,-78.8144,"pNAUPLII",1.173235388,13.17495595
"401","Early Fall","stn33","stn33_20180925_N_LG","N",43.5964,-78.8144,"ROTIFER",8.084128292,174.268735545
"402","Early Fall","stn33","stn33_20180925_N_LG","N",43.5964,-78.8144,"VELIGER",4.381061146,8.982924512
"403","Early Fall","stn34","stn34_20180926_N_LG","N",43.4611,-78.7594,"pNAUPLII",0.501407226,4.929437146
"404","Early Fall","stn34","stn34_20180926_N_LG","N",43.4611,-78.7594,"ROTIFER",1.139001178,70.171987609
"405","Early Fall","stn34","stn34_20180926_N_LG","N",43.4611,-78.7594,"VELIGER",5.002387211,20.00771548
"406","Early Fall","stn38","stn38_20180927_D_LG","D",43.3833,-77.9894,"pNAUPLII",0.58182427,6.140602875
"407","Early Fall","stn38","stn38_20180927_D_LG","D",43.3833,-77.9894,"ROTIFER",3.378909743,200.008207987
"408","Early Fall","stn38","stn38_20180927_D_LG","D",43.3833,-77.9894,"VELIGER",4.697184564,14.9128927
"409","Early Fall","stn39","stn39_20180927_D_LG","D",43.4861,-78.0003,"pNAUPLII",0.293442565,3.308028008
"410","Early Fall","stn39","stn39_20180927_D_LG","D",43.4861,-78.0003,"ROTIFER",2.469869257,171.355850876
"411","Early Fall","stn39","stn39_20180927_D_LG","D",43.4861,-78.0003,"VELIGER",8.371258771,25.14101286
"412","Early Fall","stn40","stn40_20180927_D_LG","D",43.5903,-78.0117,"pNAUPLII",6.65018624,49.86450271
"413","Early Fall","stn40","stn40_20180927_D_LG","D",43.5903,-78.0117,"ROTIFER",2.808188739,132.087884836
"414","Early Fall","stn40","stn40_20180927_D_LG","D",43.5903,-78.0117,"VELIGER",3.845976409,5.835207763
"415","Early Fall","stn41","stn41_20180927_D_LG","D",43.7167,-78.0269,"pNAUPLII",2.364846778,20.38880267
"416","Early Fall","stn41","stn41_20180927_D_LG","D",43.7167,-78.0269,"ROTIFER",13.309803091,273.449823959
"417","Early Fall","stn41","stn41_20180927_D_LG","D",43.7167,-78.0269,"VELIGER",4.681448632,11.99341333
"418","Early Fall","stn55","stn55_20180927_N_LG","N",43.4439,-77.4389,"pNAUPLII",3.575352644,30.86280621
"419","Early Fall","stn55","stn55_20180927_N_LG","N",43.4439,-77.4389,"ROTIFER",1.786009518,131.502391687
"420","Early Fall","stn55","stn55_20180927_N_LG","N",43.4439,-77.4389,"VELIGER",3.762572683,12.74768083
"421","Early Fall","stn69","stn69_20180924_D_LG","D",43.6053,-76.7147,"pNAUPLII",5.75573516,44.10396774
"422","Early Fall","stn69","stn69_20180924_D_LG","D",43.6053,-76.7147,"ROTIFER",6.0069357,141.132696752
"423","Early Fall","stn69","stn69_20180924_D_LG","D",43.6053,-76.7147,"VELIGER",5.536630046,12.49612419
"424","Early Fall","stn70","stn70_20180924_D_LG","N",43.5415,-76.617667,"pNAUPLII",0.639416308,7.40497652
"425","Early Fall","stn70","stn70_20180924_D_LG","N",43.5415,-76.617667,"ROTIFER",10.006905602,191.788891878
"426","Early Fall","stn70","stn70_20180924_D_LG","N",43.5415,-76.617667,"VELIGER",8.067479682,41.46786851
"427","Early Fall","stn715","stn715_20180924_D_LG","D",43.6356,-76.9694,"pNAUPLII",3.784219103,47.2656097
"428","Early Fall","stn715","stn715_20180924_D_LG","D",43.6356,-76.9694,"ROTIFER",7.574923081,125.844685821
"429","Early Fall","stn715","stn715_20180924_D_LG","D",43.6356,-76.9694,"VELIGER",7.703195778,20.08788412
"430","Early Fall","stn9","stn9_20180905_D_Cisco","D",43.586667,-79.395,"pNAUPLII",0.306257632,2.973913043
"431","Early Fall","stn9","stn9_20180905_D_Cisco","D",43.586667,-79.395,"ROTIFER",1.049507922,43.947826087
"432","Early Fall","stn9","stn9_20180905_D_Cisco","D",43.586667,-79.395,"VELIGER",4.924284196,17.34782609
"433","Early Spring","stn12","stn12_20180409_D_LG","D",43.50348,-79.35378,"pNAUPLII",0.7440797,1.847712
"434","Early Spring","stn12","stn12_20180409_D_LG","D",43.50348,-79.35378,"ROTIFER",0.193714896,3.71121507
"435","Early Spring","stn12","stn12_20180409_D_LG","D",43.50348,-79.35378,"VELIGER",0.09740891,0.2526785
"436","Early Spring","stn25","stn25_20180409_D_LG","N",43.51655,-79.08008,"pNAUPLII",0.5419774,2.660725
"437","Early Spring","stn25","stn25_20180409_D_LG","N",43.51655,-79.08008,"ROTIFER",0.070459824,1.27399107
"438","Early Spring","stn25","stn25_20180409_D_LG","N",43.51655,-79.08008,"VELIGER",0.07552659,0.5975357
"439","Early Spring","stn33","stn33_20180410_N_LG","N",43.59452,-78.8019,"pNAUPLII",0.5113724,2.813135
"440","Early Spring","stn33","stn33_20180410_N_LG","N",43.59452,-78.8019,"ROTIFER",0.06245956,1.449190686
"441","Early Spring","stn33","stn33_20180410_N_LG","N",43.59452,-78.8019,"VELIGER",0.09244558,0.8429934
"442","Early Spring","stn41","stn41_20180410_D_LG","D",43.717,-78.02658,"pNAUPLII",0.3277032,2.652381
"443","Early Spring","stn41","stn41_20180410_D_LG","D",43.717,-78.02658,"ROTIFER",0.088317946,1.3901034
"444","Early Spring","stn41","stn41_20180410_D_LG","D",43.717,-78.02658,"VELIGER",0.1571915,0.6551062
"445","Early Spring","stn49","stn49_20180410_D_LG","D",43.77222,-77.43795,"pNAUPLII",0.04737529,0.4958328
"446","Early Spring","stn49","stn49_20180410_D_LG","D",43.77222,-77.43795,"ROTIFER",0.00102086,0.036120272
"447","Early Spring","stn49","stn49_20180410_D_LG","D",43.77222,-77.43795,"VELIGER",0.001594193,0.003283661
"448","Early Spring","stn55","stn55_20180411_D_LG","D",43.44382,-77.44155,"pNAUPLII",0.09594581,0.4897075
"449","Early Spring","stn55","stn55_20180411_D_LG","D",43.44382,-77.44155,"ROTIFER",0.1222977,2.75126574
"450","Early Spring","stn55","stn55_20180411_D_LG","D",43.44382,-77.44155,"VELIGER",0.06128925,0.4006698
"451","Early Spring","stn60","stn60_20180411_D_LG","D",43.57765,-77.1959,"pNAUPLII",0.1388363,0.4588334
"452","Early Spring","stn60","stn60_20180411_D_LG","D",43.57765,-77.1959,"ROTIFER",0.081693923,1.513410128
"453","Early Spring","stn60","stn60_20180411_D_LG","D",43.57765,-77.1959,"VELIGER",0.06834831,0.151711
"454","Early Spring","stn63","stn63_20180410_D_LG","D",43.73185,-77.0176,"pNAUPLII",0.009018523,0.1247763
"455","Early Spring","stn63","stn63_20180410_D_LG","D",43.73185,-77.0176,"ROTIFER",0.0015823,0.045917699
"456","Early Spring","stn63","stn63_20180410_D_LG","D",43.73185,-77.0176,"VELIGER",0.001594408,0.004991054
"457","Early Summer","stn12","stn12_20180620_D_Cisco","D",43.503333,-79.353333,"pNAUPLII",1.187947108,13.63947368
"458","Early Summer","stn12","stn12_20180620_D_Cisco","D",43.503333,-79.353333,"ROTIFER",2.0219607,50.260526311
"459","Early Summer","stn12","stn12_20180620_D_Cisco","D",43.503333,-79.353333,"VELIGER",5.346060473,18.12368421
"460","Early Summer","stn18","stn18_20180620_D_Cisco","D",43.303333,-79.278333,"pNAUPLII",11.0148885,72.37956204
"461","Early Summer","stn18","stn18_20180620_D_Cisco","D",43.303333,-79.278333,"ROTIFER",18.187579152,71.40145986
"462","Early Summer","stn18","stn18_20180620_D_Cisco","D",43.303333,-79.278333,"VELIGER",8.214591893,35.21167883
"463","Early Summer","stn19","stn19_20180620_D_Cisco","D",43.383333,-79.285,"pNAUPLII",4.054126705,44.0840708
"464","Early Summer","stn19","stn19_20180620_D_Cisco","D",43.383333,-79.285,"ROTIFER",16.168352384,48.743362838
"465","Early Summer","stn19","stn19_20180620_D_Cisco","D",43.383333,-79.285,"VELIGER",6.103239924,26.52212389
"466","Early Summer","stn27","stn27_20180619_D_LG","D",43.68971667,-78.82913333,"pNAUPLII",4.111221894,39.4544103
"467","Early Summer","stn27","stn27_20180619_D_LG","D",43.68971667,-78.82913333,"ROTIFER",0.152998354,8.261820959
"468","Early Summer","stn27","stn27_20180619_D_LG","D",43.68971667,-78.82913333,"VELIGER",0.357453598,1.854694501
"469","Early Summer","stn28","stn28_20180619_D_LG","D",43.77431667,-78.85661667,"pNAUPLII",0.649774555,4.992902008
"470","Early Summer","stn28","stn28_20180619_D_LG","D",43.77431667,-78.85661667,"ROTIFER",1.583435462,32.78672318
"471","Early Summer","stn28","stn28_20180619_D_LG","D",43.77431667,-78.85661667,"VELIGER",2.632159202,8.820793547
"472","Early Summer","stn29","stn29_20180619_D_LG","D",43.81798333,-78.87075,"pNAUPLII",0.316561096,3.81283474
"473","Early Summer","stn29","stn29_20180619_D_LG","D",43.81798333,-78.87075,"ROTIFER",0.08226892,7.725134733
"474","Early Summer","stn29","stn29_20180619_D_LG","D",43.81798333,-78.87075,"VELIGER",0.792121722,3.647059316
"475","Early Summer","stn33","stn33_20180618_N_LG","N",43.5959,-78.81518333,"pNAUPLII",4.213847809,20.35611371
"476","Early Summer","stn33","stn33_20180618_N_LG","N",43.5959,-78.81518333,"ROTIFER",0.332255743,8.692610718
"477","Early Summer","stn33","stn33_20180618_N_LG","N",43.5959,-78.81518333,"VELIGER",1.831235387,5.391619307
"478","Early Summer","stn33","stn33_20180619_D_LG","D",43.59638333,-78.81388333,"pNAUPLII",3.772184569,28.99391551
"479","Early Summer","stn33","stn33_20180619_D_LG","D",43.59638333,-78.81388333,"ROTIFER",0.430147536,34.936767763
"480","Early Summer","stn33","stn33_20180619_D_LG","D",43.59638333,-78.81388333,"VELIGER",1.494483672,5.942852248
"481","Early Summer","stn34","stn34_20180619_D_LG","D",43.46465,-78.752805,"pNAUPLII",1.959687028,17.4119342
"482","Early Summer","stn34","stn34_20180619_D_LG","D",43.46465,-78.752805,"ROTIFER",0.544682079,11.34066767
"483","Early Summer","stn34","stn34_20180619_D_LG","D",43.46465,-78.752805,"VELIGER",0.770233887,3.665670358
"484","Early Summer","stn35","stn35_20180619_D_LG","D",43.36341667,-78.72616667,"pNAUPLII",3.254902134,29.42141951
"485","Early Summer","stn35","stn35_20180619_D_LG","D",43.36341667,-78.72616667,"ROTIFER",12.282752381,118.911570547
"486","Early Summer","stn35","stn35_20180619_D_LG","D",43.36341667,-78.72616667,"VELIGER",10.50235572,50.87453791
"487","Early Summer","stn38","stn38_20180620_D_LG","D",43.3837,-77.99106667,"pNAUPLII",1.253239657,11.63297218
"488","Early Summer","stn38","stn38_20180620_D_LG","D",43.3837,-77.99106667,"ROTIFER",34.296885123,187.789408012
"489","Early Summer","stn38","stn38_20180620_D_LG","D",43.3837,-77.99106667,"VELIGER",3.076235081,17.44945827
"490","Early Summer","stn39","stn39_20180620_D_LG","D",43.48628333,-78.00055,"pNAUPLII",4.115146977,20.68624407
"491","Early Summer","stn39","stn39_20180620_D_LG","D",43.48628333,-78.00055,"ROTIFER",0.739880226,28.150352756
"492","Early Summer","stn39","stn39_20180620_D_LG","D",43.48628333,-78.00055,"VELIGER",0.405820858,1.066301241
"493","Early Summer","stn40","stn40_20180620_D_LG","D",43.58986667,-78.01195,"pNAUPLII",10.99628171,86.95846366
"494","Early Summer","stn40","stn40_20180620_D_LG","D",43.58986667,-78.01195,"ROTIFER",0.915085222,39.184986708
"495","Early Summer","stn40","stn40_20180620_D_LG","D",43.58986667,-78.01195,"VELIGER",0.321328682,2.14712256
"496","Early Summer","stn41","stn41_20180620_D_LG","D",43.715785,-78.02808833,"pNAUPLII",7.790491014,74.33400064
"497","Early Summer","stn41","stn41_20180620_D_LG","D",43.715785,-78.02808833,"ROTIFER",2.772560246,69.443605855
"498","Early Summer","stn41","stn41_20180620_D_LG","D",43.715785,-78.02808833,"VELIGER",6.230521712,19.56157912
"499","Early Summer","stn42","stn42_20180620_D_LG","D",43.83906667,-78.03611667,"pNAUPLII",0.49036273,10.83657389
"500","Early Summer","stn42","stn42_20180620_D_LG","D",43.83906667,-78.03611667,"ROTIFER",0.827289286,64.417411478
"501","Early Summer","stn42","stn42_20180620_D_LG","D",43.83906667,-78.03611667,"VELIGER",8.68392737,33.71378544
"502","Early Summer","stn43","stn43_20180620_D_LG","D",43.9496,-78.04975333,"pNAUPLII",0.007172013,0.264257264
"503","Early Summer","stn43","stn43_20180620_D_LG","D",43.9496,-78.04975333,"ROTIFER",0.759779495,36.731759692
"504","Early Summer","stn43","stn43_20180620_D_LG","D",43.9496,-78.04975333,"VELIGER",7.449560396,42.41329087
"505","Early Summer","stn48","stn48_20180622_D_LG","D",43.879935,-77.44046667,"pNAUPLII",0.070173894,1.69124649
"506","Early Summer","stn48","stn48_20180622_D_LG","D",43.879935,-77.44046667,"ROTIFER",5.908230745,95.273552245
"507","Early Summer","stn48","stn48_20180622_D_LG","D",43.879935,-77.44046667,"VELIGER",7.256652535,33.54305538
"508","Early Summer","stn49","stn49_20180622_D_LG","D",43.77098333,-77.42478333,"pNAUPLII",0.521003431,9.704542062
"509","Early Summer","stn49","stn49_20180622_D_LG","D",43.77098333,-77.42478333,"ROTIFER",10.120513875,145.568130885
"510","Early Summer","stn49","stn49_20180622_D_LG","D",43.77098333,-77.42478333,"VELIGER",5.3591303,20.70302307
"511","Early Summer","stn55","stn55_20180620_D_LG","D",43.443,-77.43803333,"pNAUPLII",14.07486372,67.69062655
"512","Early Summer","stn55","stn55_20180620_D_LG","D",43.443,-77.43803333,"ROTIFER",0.116793375,5.15410862
"513","Early Summer","stn55","stn55_20180620_D_LG","D",43.443,-77.43803333,"VELIGER",0.044505813,0.343607241
"514","Early Summer","stn58","stn58_20180620_D_LG","D",43.32793333,-77.4379,"pNAUPLII",9.246451324,63.36073158
"515","Early Summer","stn58","stn58_20180620_D_LG","D",43.32793333,-77.4379,"ROTIFER",11.54024179,186.299464501
"516","Early Summer","stn58","stn58_20180620_D_LG","D",43.32793333,-77.4379,"VELIGER",1.983495756,8.511143048
"517","Early Summer","stn62","stn62_20180621_D_LG","D",43.82815,-76.99186667,"pNAUPLII",11.99335532,46.99512746
"518","Early Summer","stn62","stn62_20180621_D_LG","D",43.82815,-76.99186667,"ROTIFER",44.921712622,83.883775885
"519","Early Summer","stn62","stn62_20180621_D_LG","D",43.82815,-76.99186667,"VELIGER",0.560899393,2.526619756
"520","Early Summer","stn63","stn63_20180621_D_LG","D",43.73246667,-77.01631667,"pNAUPLII",0.890159015,8.872338477
"521","Early Summer","stn63","stn63_20180621_D_LG","D",43.73246667,-77.01631667,"ROTIFER",5.919000522,71.89653593
"522","Early Summer","stn63","stn63_20180621_D_LG","D",43.73246667,-77.01631667,"VELIGER",5.40657582,28.14672896
"523","Early Summer","stn69","stn69_20180621_D_LG","D",43.59906833,-76.710005,"pNAUPLII",6.445099163,50.85697777
"524","Early Summer","stn69","stn69_20180621_D_LG","D",43.59906833,-76.710005,"ROTIFER",1.849596097,20.782899575
"525","Early Summer","stn69","stn69_20180621_D_LG","D",43.59906833,-76.710005,"VELIGER",0.348653133,1.222523504
"526","Early Summer","stn69","stn69_20180621_N_LG","D",43.59906833,-76.710005,"pNAUPLII",8.298508308,57.09714711
"527","Early Summer","stn69","stn69_20180621_N_LG","D",43.59906833,-76.710005,"ROTIFER",1.258950147,41.385851597
"528","Early Summer","stn69","stn69_20180621_N_LG","D",43.59906833,-76.710005,"VELIGER",0.246267289,1.532809318
"529","Early Summer","stn70","stn70_20180621_D_LG","D",43.54175167,-76.62152,"pNAUPLII",15.24541653,78.84222945
"530","Early Summer","stn70","stn70_20180621_D_LG","D",43.54175167,-76.62152,"ROTIFER",6.244838884,11.925715378
"531","Early Summer","stn70","stn70_20180621_D_LG","D",43.54175167,-76.62152,"VELIGER",0.16206261,0.993809615
"532","Early Summer","stn71","stn71_20180621_D_LG","D",43.48515,-76.52046667,"pNAUPLII",1.068707113,4.783105506
"533","Early Summer","stn71","stn71_20180621_D_LG","D",43.48515,-76.52046667,"ROTIFER",11.86760198,143.493165167
"534","Early Summer","stn71","stn71_20180621_D_LG","D",43.48515,-76.52046667,"VELIGER",0.865931392,3.188737004
"535","Early Summer","stn715","stn715_20180620_N_LG","N",43.63643333,-76.96826667,"pNAUPLII",3.926650852,25.00628738
"536","Early Summer","stn715","stn715_20180620_N_LG","N",43.63643333,-76.96826667,"ROTIFER",2.214780917,35.425573787
"537","Early Summer","stn715","stn715_20180620_N_LG","N",43.63643333,-76.96826667,"VELIGER",0.581784802,2.31539698
"538","Early Summer","stn715","stn715_20180621_D_LG","D",43.63643333,-76.96826667,"pNAUPLII",5.496541369,32.07923029
"539","Early Summer","stn715","stn715_20180621_D_LG","D",43.63643333,-76.96826667,"ROTIFER",4.953647905,106.193314068
"540","Early Summer","stn715","stn715_20180621_D_LG","D",43.63643333,-76.96826667,"VELIGER",3.180591349,15.48652497
"541","Early Summer","stn716","stn716_20180622_D_LG","D",43.443,-77.43803333,"pNAUPLII",10.90578925,81.01494575
"542","Early Summer","stn716","stn716_20180622_D_LG","D",43.443,-77.43803333,"ROTIFER",0.925611907,26.133853462
"543","Early Summer","stn716","stn716_20180622_D_LG","D",43.443,-77.43803333,"VELIGER",0.217635751,1.306692673
"544","Early Summer","stn717","stn717_20180620_D_LG","D",43.30003333,-77.43335,"pNAUPLII",3.69351446,24.30867871
"545","Early Summer","stn717","stn717_20180620_D_LG","D",43.30003333,-77.43335,"ROTIFER",0.450597109,45.028156542
"546","Early Summer","stn717","stn717_20180620_D_LG","D",43.30003333,-77.43335,"VELIGER",3.221895201,13.05163958
"547","Early Summer","stn9","stn9_20180620_D_Cisco","D",43.586667,-79.395,"pNAUPLII",1.283181047,16.275
"548","Early Summer","stn9","stn9_20180620_D_Cisco","D",43.586667,-79.395,"ROTIFER",2.536599304,82.775
"549","Early Summer","stn9","stn9_20180620_D_Cisco","D",43.586667,-79.395,"VELIGER",23.73350963,83.825
"550","Late Fall","stn12","stn12_20181003_D_Cisco","D",43.503333,-79.353333,"pNAUPLII",0.753546741,8.871955463
"551","Late Fall","stn12","stn12_20181003_D_Cisco","D",43.503333,-79.353333,"ROTIFER",0.762052413,34.178844817
"552","Late Fall","stn12","stn12_20181003_D_Cisco","D",43.503333,-79.353333,"VELIGER",8.586504674,7.70842032
"553","Late Fall","stn18","stn18_20181003_D_Cisco","D",43.303333,-79.278333,"pNAUPLII",0.259778928,3.201825558
"554","Late Fall","stn18","stn18_20181003_D_Cisco","D",43.303333,-79.278333,"ROTIFER",0.887677972,16.868154157
"555","Late Fall","stn18","stn18_20181003_D_Cisco","D",43.303333,-79.278333,"VELIGER",19.350031,22.95943205
"556","Late Fall","stn19","stn19_20181003_D_Cisco","D",43.383333,-79.285,"pNAUPLII",0.449670669,5.067285383
"557","Late Fall","stn19","stn19_20181003_D_Cisco","D",43.383333,-79.285,"ROTIFER",0.81332051,38.215777269
"558","Late Fall","stn19","stn19_20181003_D_Cisco","D",43.383333,-79.285,"VELIGER",22.81334856,24.49187935
"559","Late Fall","stn9","stn9_20181003_D_Cisco","D",43.586667,-79.395,"pNAUPLII",3.247178578,22.23529412
"560","Late Fall","stn9","stn9_20181003_D_Cisco","D",43.586667,-79.395,"ROTIFER",4.206187027,74.756592299
"561","Late Fall","stn9","stn9_20181003_D_Cisco","D",43.586667,-79.395,"VELIGER",18.50388633,18.78498986
"562","Late Spring","stn12","stn12_20180524_D_LJ","D",43.503333,-79.353333,"pNAUPLII",0.686706702,6.421291053
"563","Late Spring","stn12","stn12_20180524_D_LJ","D",43.503333,-79.353333,"ROTIFER",0.463152795,25.090600231
"564","Late Spring","stn12","stn12_20180524_D_LJ","D",43.503333,-79.353333,"VELIGER",0.756936609,4.875424689
"565","Late Spring","stn18","stn18_20180524_D_LJ","D",43.303333,-79.278333,"pNAUPLII",2.642578334,22.02015113
"566","Late Spring","stn18","stn18_20180524_D_LJ","D",43.303333,-79.278333,"ROTIFER",1.539961737,40.760705287
"567","Late Spring","stn18","stn18_20180524_D_LJ","D",43.303333,-79.278333,"VELIGER",2.05701425,13.11838791
"568","Late Spring","stn19","stn19_20180524_D_LJ","D",43.383333,-79.285,"pNAUPLII",1.626958842,24.99543379
"569","Late Spring","stn19","stn19_20180524_D_LJ","D",43.383333,-79.285,"ROTIFER",1.236392287,63.756468801
"570","Late Spring","stn19","stn19_20180524_D_LJ","D",43.383333,-79.285,"VELIGER",2.455216362,16.30136986
"571","Late Spring","stn27","stn27_20180521_D_LG","D",43.68651833,-78.82731167,"pNAUPLII",0.27585029,1.738039871
"572","Late Spring","stn27","stn27_20180521_D_LG","D",43.68651833,-78.82731167,"ROTIFER",0.404925814,9.939415511
"573","Late Spring","stn27","stn27_20180521_D_LG","D",43.68651833,-78.82731167,"VELIGER",0.088261034,0.706078698
"574","Late Spring","stn28","stn28_20180521_D_LG","D",43.77628333,-78.86028667,"pNAUPLII",0.478164291,2.463699706
"575","Late Spring","stn28","stn28_20180521_D_LG","D",43.77628333,-78.86028667,"ROTIFER",0.530324927,10.522050824
"576","Late Spring","stn28","stn28_20180521_D_LG","D",43.77628333,-78.86028667,"VELIGER",0.091466733,0.615924926
"577","Late Spring","stn29","stn29_20180521_D_LG","D",43.81958333,-78.8737,"pNAUPLII",0.502920833,2.850374943
"578","Late Spring","stn29","stn29_20180521_D_LG","D",43.81958333,-78.8737,"ROTIFER",0.107577849,2.219761018
"579","Late Spring","stn29","stn29_20180521_D_LG","D",43.81958333,-78.8737,"VELIGER",0.39910071,3.001722285
"580","Late Spring","stn33","stn33_20180521_D_LG","D",43.59703333,-78.81426667,"pNAUPLII",3.604459828,3.32323529
"581","Late Spring","stn33","stn33_20180521_D_LG","D",43.59703333,-78.81426667,"ROTIFER",0.18733233,3.517766136
"582","Late Spring","stn33","stn33_20180521_D_LG","D",43.59703333,-78.81426667,"VELIGER",0.177014411,1.2644505
"583","Late Spring","stn33","stn33_20180522_N_LG","N",43.60321667,-78.81972,"pNAUPLII",1.062188004,4.870948941
"584","Late Spring","stn33","stn33_20180522_N_LG","N",43.60321667,-78.81972,"ROTIFER",0.027617249,1.005116449
"585","Late Spring","stn33","stn33_20180522_N_LG","N",43.60321667,-78.81972,"VELIGER",0.1341659,0.953572015
"586","Late Spring","stn34","stn34_20180521_D_LG","D",43.4622,-78.76003333,"pNAUPLII",4.211629586,36.7787145
"587","Late Spring","stn34","stn34_20180521_D_LG","D",43.4622,-78.76003333,"ROTIFER",1.377454955,33.741939907
"588","Late Spring","stn34","stn34_20180521_D_LG","D",43.4622,-78.76003333,"VELIGER",1.140982877,8.098065578
"589","Late Spring","stn34","stn34_20180521_N_LG","N",43.460835,-78.75971667,"pNAUPLII",4.253722103,31.32180999
"590","Late Spring","stn34","stn34_20180521_N_LG","N",43.460835,-78.75971667,"ROTIFER",0.492818579,20.680425823
"591","Late Spring","stn34","stn34_20180521_N_LG","N",43.460835,-78.75971667,"VELIGER",1.306046621,9.637479996
"592","Late Spring","stn35","stn35_20180521_D_LG","D",43.36216667,-78.72908333,"pNAUPLII",0.728633026,6.546841119
"593","Late Spring","stn35","stn35_20180521_D_LG","D",43.36216667,-78.72908333,"ROTIFER",0.03859664,1.015014127
"594","Late Spring","stn35","stn35_20180521_D_LG","D",43.36216667,-78.72908333,"VELIGER",0.292007315,2.359907845
"595","Late Spring","stn38","stn38_20180522_D_LG","D",43.38413333,-77.98848333,"pNAUPLII",0.102293083,1.187855215
"596","Late Spring","stn38","stn38_20180522_D_LG","D",43.38413333,-77.98848333,"ROTIFER",0.03623699,0.64602652
"597","Late Spring","stn38","stn38_20180522_D_LG","D",43.38413333,-77.98848333,"VELIGER",0.017906882,0.111144348
"598","Late Spring","stn39","stn39_20180522_D_LG","D",43.48628333,-78.0005,"pNAUPLII",1.55852399,17.58708084
"599","Late Spring","stn39","stn39_20180522_D_LG","D",43.48628333,-78.0005,"ROTIFER",0.529949611,13.26483216
"600","Late Spring","stn39","stn39_20180522_D_LG","D",43.48628333,-78.0005,"VELIGER",0.261576423,1.937559754
"601","Late Spring","stn40","stn40_20180522_D_LG","D",43.59001667,-78.01153333,"pNAUPLII",0.75202879,5.70582149
"602","Late Spring","stn40","stn40_20180522_D_LG","D",43.59001667,-78.01153333,"ROTIFER",0.123391693,3.519159363
"603","Late Spring","stn40","stn40_20180522_D_LG","D",43.59001667,-78.01153333,"VELIGER",0.086582182,0.614998724
"604","Late Spring","stn41","stn41_20180522_D_LG","D",43.71656667,-78.02598333,"pNAUPLII",1.206372236,6.83692105
"605","Late Spring","stn41","stn41_20180522_D_LG","D",43.71656667,-78.02598333,"ROTIFER",0.305965719,15.02532649
"606","Late Spring","stn41","stn41_20180522_D_LG","D",43.71656667,-78.02598333,"VELIGER",0.059477035,0.476994492
"607","Late Spring","stn42","stn42_20180522_D_LG","D",43.83976667,-78.0366,"pNAUPLII",0.179522332,1.682446003
"608","Late Spring","stn42","stn42_20180522_D_LG","D",43.83976667,-78.0366,"ROTIFER",0.435403097,11.9117177
"609","Late Spring","stn42","stn42_20180522_D_LG","D",43.83976667,-78.0366,"VELIGER",0.037294427,0.269191361
"610","Late Spring","stn43","stn43_20180522_D_LG","D",43.95098667,-78.04831833,"pNAUPLII",3.100587261,20.22168654
"611","Late Spring","stn43","stn43_20180522_D_LG","D",43.95098667,-78.04831833,"ROTIFER",0.09684262,5.153016649
"612","Late Spring","stn43","stn43_20180522_D_LG","D",43.95098667,-78.04831833,"VELIGER",2.459852082,18.03555827
"613","Late Spring","stn48","stn48_20180524_D_LG","D",43.881985,-77.43742167,"pNAUPLII",7.170418752,5.683581953
"614","Late Spring","stn48","stn48_20180524_D_LG","D",43.881985,-77.43742167,"ROTIFER",0.153078753,3.369133632
"615","Late Spring","stn48","stn48_20180524_D_LG","D",43.881985,-77.43742167,"VELIGER",2.037608059,15.46871789
"616","Late Spring","stn49","stn49_20180524_D_LG","D",43.77145167,-77.43761833,"pNAUPLII",1.717222223,5.249110199
"617","Late Spring","stn49","stn49_20180524_D_LG","D",43.77145167,-77.43761833,"ROTIFER",0.084296685,1.939888552
"618","Late Spring","stn49","stn49_20180524_D_LG","D",43.77145167,-77.43761833,"VELIGER",0.054304117,0.410799929
"619","Late Spring","stn55","stn55_20180524_D_LG","D",43.4439,-77.43883333,"pNAUPLII",0.345079962,6.907430516
"620","Late Spring","stn55","stn55_20180524_D_LG","D",43.4439,-77.43883333,"ROTIFER",0.049234604,1.098104339
"621","Late Spring","stn55","stn55_20180524_D_LG","D",43.4439,-77.43883333,"VELIGER",0.092198664,0.425072647
"622","Late Spring","stn58","stn58_20180524_D_LG","D",43.3281,-77.43873333,"pNAUPLII",1.278916136,18.12770859
"623","Late Spring","stn58","stn58_20180524_D_LG","D",43.3281,-77.43873333,"ROTIFER",0.388428276,14.712343201
"624","Late Spring","stn58","stn58_20180524_D_LG","D",43.3281,-77.43873333,"VELIGER",0.773846375,3.152644971
"625","Late Spring","stn62","stn62_20180523_D_LG","D",43.82793333,-76.99306667,"pNAUPLII",0.660442331,4.838359803
"626","Late Spring","stn62","stn62_20180523_D_LG","D",43.82793333,-76.99306667,"ROTIFER",0.618220674,24.191799014
"627","Late Spring","stn62","stn62_20180523_D_LG","D",43.82793333,-76.99306667,"VELIGER",1.040731046,10.33055201
"628","Late Spring","stn63","stn63_20180523_D_LG","D",43.73163333,-77.00165333,"pNAUPLII",0.216902163,1.708329787
"629","Late Spring","stn63","stn63_20180523_D_LG","D",43.73163333,-77.00165333,"ROTIFER",0.649648178,14.184313989
"630","Late Spring","stn63","stn63_20180523_D_LG","D",43.73163333,-77.00165333,"VELIGER",0.007318347,0.051767569
"631","Late Spring","stn69","stn69_20180523_D_LG","D",43.60028333,-76.70981667,"pNAUPLII",0.379391478,4.533937762
"632","Late Spring","stn69","stn69_20180523_D_LG","D",43.60028333,-76.70981667,"ROTIFER",0.022955666,1.194305558
"633","Late Spring","stn69","stn69_20180523_D_LG","D",43.60028333,-76.70981667,"VELIGER",0.146724538,1.03948817
"634","Late Spring","stn69","stn69_20180523_N_LG","N",43.59818333,-76.710135,"pNAUPLII",0.446663534,5.337962657
"635","Late Spring","stn69","stn69_20180523_N_LG","N",43.59818333,-76.710135,"ROTIFER",0.023975725,0.598029012
"636","Late Spring","stn69","stn69_20180523_N_LG","N",43.59818333,-76.710135,"VELIGER",0.058754853,0.398686008
"637","Late Spring","stn70","stn70_20180523_D_LG","D",44.54013333,-76.611315,"pNAUPLII",0.816168592,9.604833005
"638","Late Spring","stn70","stn70_20180523_D_LG","D",44.54013333,-76.611315,"ROTIFER",0.070057412,1.289537765
"639","Late Spring","stn70","stn70_20180523_D_LG","D",44.54013333,-76.611315,"VELIGER",0.113417231,0.80040275
"640","Late Spring","stn71","stn71_20180523_D_LG","D",43.4779,-76.52503667,"pNAUPLII",0.235411325,1.909309762
"641","Late Spring","stn71","stn71_20180523_D_LG","D",43.4779,-76.52503667,"ROTIFER",0.018348279,1.097853113
"642","Late Spring","stn71","stn71_20180523_D_LG","D",43.4779,-76.52503667,"VELIGER",0.033840325,0.29832965
"643","Late Spring","stn715","stn715_20180522_N_LG","N",43.63547,-76.97046667,"pNAUPLII",0.225145486,3.06719115
"644","Late Spring","stn715","stn715_20180522_N_LG","N",43.63547,-76.97046667,"ROTIFER",0.300397691,5.576711181
"645","Late Spring","stn715","stn715_20180522_N_LG","N",43.63547,-76.97046667,"VELIGER",0.1042691,0.239001908
"646","Late Spring","stn715","stn715_20180523_D_LG","D",43.6358,-76.96956667,"pNAUPLII",0.253639439,3.627060486
"647","Late Spring","stn715","stn715_20180523_D_LG","D",43.6358,-76.96956667,"ROTIFER",0.060404736,2.991147285
"648","Late Spring","stn715","stn715_20180523_D_LG","D",43.6358,-76.96956667,"VELIGER",0.149795534,0.353285112
"649","Late Spring","stn716","stn716_20180524_D_LG","D",43.60015,-77.43985,"pNAUPLII",0.339617219,3.968378211
"650","Late Spring","stn716","stn716_20180524_D_LG","D",43.60015,-77.43985,"ROTIFER",0.068676598,2.491772365
"651","Late Spring","stn716","stn716_20180524_D_LG","D",43.60015,-77.43985,"VELIGER",0.087685235,0.33838884
"652","Late Spring","stn717","stn717_20180524_D_LG","D",43.30005,-77.43926667,"pNAUPLII",0.293227038,4.773320684
"653","Late Spring","stn717","stn717_20180524_D_LG","D",43.30005,-77.43926667,"ROTIFER",0.051257133,2.837288518
"654","Late Spring","stn717","stn717_20180524_D_LG","D",43.30005,-77.43926667,"VELIGER",0.035045924,0.233659055
"655","Late Spring","stn9","stn9_20180524_D_LJ","D",43.586667,-79.395,"pNAUPLII",1.561486534,8.631268437
"656","Late Spring","stn9","stn9_20180524_D_LJ","D",43.586667,-79.395,"ROTIFER",1.174688462,76.140117998
"657","Late Spring","stn9","stn9_20180524_D_LJ","D",43.586667,-79.395,"VELIGER",9.273357853,61.96017699
"658","Late Summer","stn12","stn12_20180813_N_LG","N",43.50319,-79.35308,"pNAUPLII",2.542802,35.33649
"659","Late Summer","stn12","stn12_20180813_N_LG","N",43.50319,-79.35308,"ROTIFER",3.606245857,254.8510666
"660","Late Summer","stn12","stn12_20180813_N_LG","N",43.50319,-79.35308,"VELIGER",7.433396,39.6197
"661","Late Summer","stn25","stn25_20180814_N_LG","N",43.51759,-79.08052,"pNAUPLII",2.73014,22.74269
"662","Late Summer","stn25","stn25_20180814_N_LG","N",43.51759,-79.08052,"ROTIFER",4.031441947,170.3896924
"663","Late Summer","stn25","stn25_20180814_N_LG","N",43.51759,-79.08052,"VELIGER",22.19711,30.32359
"664","Late Summer","stn33","stn33_20180814_D_LG","D",43.59595,-78.8145,"pNAUPLII",1.289006,13.7002
"665","Late Summer","stn33","stn33_20180814_D_LG","D",43.59595,-78.8145,"ROTIFER",10.853561777,254.6991902
"666","Late Summer","stn33","stn33_20180814_D_LG","D",43.59595,-78.8145,"VELIGER",8.83578,14.94567
"667","Late Summer","stn41","stn41_20180814_D_LG","D",43.7165,-78.02716,"pNAUPLII",4.440004,50.54037
"668","Late Summer","stn41","stn41_20180814_D_LG","D",43.7165,-78.02716,"ROTIFER",10.251300592,413.5121224
"669","Late Summer","stn41","stn41_20180814_D_LG","D",43.7165,-78.02716,"VELIGER",0.2724117,1.837832
"670","Late Summer","stn49","stn49_20180815_N_LG","N",43.77025,-77.43955,"pNAUPLII",5.445356,84.71873
"671","Late Summer","stn49","stn49_20180815_N_LG","N",43.77025,-77.43955,"ROTIFER",8.239157634,399.568965
"672","Late Summer","stn49","stn49_20180815_N_LG","N",43.77025,-77.43955,"VELIGER",0.3860704,1.264459
"673","Late Summer","stn55","stn55_20180815_D_LG","D",43.44362,-77.43833,"pNAUPLII",1.793573,15.92281
"674","Late Summer","stn55","stn55_20180815_D_LG","D",43.44362,-77.43833,"ROTIFER",6.498991838,309.2699774
"675","Late Summer","stn55","stn55_20180815_D_LG","D",43.44362,-77.43833,"VELIGER",2.026757,8.573822
"676","Late Summer","stn60","stn60_20180815_D_LG","D",43.57999,-77.19971,"pNAUPLII",5.853914,53.57311
"677","Late Summer","stn60","stn60_20180815_D_LG","D",43.57999,-77.19971,"ROTIFER",13.327799282,410.727175
"678","Late Summer","stn60","stn60_20180815_D_LG","D",43.57999,-77.19971,"VELIGER",13.37678,16.66719
"679","Late Summer","stn63","stn63_20180815_N_LG","D",43.73127,-77.01784,"pNAUPLII",10.35835,91.70173
"680","Late Summer","stn63","stn63_20180815_N_LG","D",43.73127,-77.01784,"ROTIFER",8.547669154,399.1208886
"681","Late Summer","stn63","stn63_20180815_N_LG","D",43.73127,-77.01784,"VELIGER",0.2199624,0.8733498
"682","Summer","stn12","stn12_20180725_D_LEII","D",43.50366667,-79.35466667,"pNAUPLII",1.995930575,15.30847736
"683","Summer","stn12","stn12_20180725_D_LEII","D",43.50366667,-79.35466667,"ROTIFER",3.211777153,175.714696612
"684","Summer","stn12","stn12_20180725_D_LEII","D",43.50366667,-79.35466667,"VELIGER",0.120215788,0.665585972
"685","Summer","stn17","stn17_20180725_D_LEII","D",43.22433333,-79.27416667,"pNAUPLII",0.01101842,0.150763137
"686","Summer","stn17","stn17_20180725_D_LEII","D",43.22433333,-79.27416667,"ROTIFER",2.148144935,36.635442289
"687","Summer","stn17","stn17_20180725_D_LEII","D",43.22433333,-79.27416667,"VELIGER",2.471949597,11.75952469
"688","Summer","stn18","stn18_20180725_D_LEII","D",43.303,-79.27816667,"pNAUPLII",0.222041086,0.417622571
"689","Summer","stn18","stn18_20180725_D_LEII","D",43.303,-79.27816667,"ROTIFER",2.728734746,45.729671487
"690","Summer","stn18","stn18_20180725_D_LEII","D",43.303,-79.27816667,"VELIGER",5.153600108,2.505735424
"691","Summer","stn19","stn19_20180725_D_LEII","D",43.38316667,-79.28516667,"pNAUPLII",0.978652978,13.20349408
"692","Summer","stn19","stn19_20180725_D_LEII","D",43.38316667,-79.28516667,"ROTIFER",3.263239493,182.208218342
"693","Summer","stn19","stn19_20180725_D_LEII","D",43.38316667,-79.28516667,"VELIGER",15.28612555,38.29013283
"694","Summer","stn27","stn27_20180726_D_LEII","D",43.69,-78.8305,"pNAUPLII",5.004970317,30.55774907
"695","Summer","stn27","stn27_20180726_D_LEII","D",43.69,-78.8305,"ROTIFER",6.544284318,305.577490775
"696","Summer","stn27","stn27_20180726_D_LEII","D",43.69,-78.8305,"VELIGER",0,0
"697","Summer","stn28","stn28_20180726_D_LEII","D",43.77416667,-78.85466667,"pNAUPLII",1.479517293,12.63944896
"698","Summer","stn28","stn28_20180726_D_LEII","D",43.77416667,-78.85466667,"ROTIFER",2.899900644,241.20281768
"699","Summer","stn28","stn28_20180726_D_LEII","D",43.77416667,-78.85466667,"VELIGER",0.768133941,6.31972448
"700","Summer","stn29","stn29_20180726_D_LEII","D",43.81766667,-78.86966667,"pNAUPLII",0.915539565,10.38454173
"701","Summer","stn29","stn29_20180726_D_LEII","D",43.81766667,-78.86966667,"ROTIFER",2.020180298,144.950894935
"702","Summer","stn29","stn29_20180726_D_LEII","D",43.81766667,-78.86966667,"VELIGER",2.202308452,9.51916325
"703","Summer","stn33","stn33_20180726_D_LEII","D",43.596,-78.81633333,"pNAUPLII",1.010663883,6.518986469
"704","Summer","stn33","stn33_20180726_D_LEII","D",43.596,-78.81633333,"ROTIFER",2.406018815,117.341756442
"705","Summer","stn33","stn33_20180726_D_LEII","D",43.596,-78.81633333,"VELIGER",0.57612073,1.955695941
"706","Summer","stn33","stn33_20180801_N_LEII","N",43.59716667,-78.81533333,"pNAUPLII",2.172316502,17.47234796
"707","Summer","stn33","stn33_20180801_N_LEII","N",43.59716667,-78.81533333,"ROTIFER",2.463782466,172.134983636
"708","Summer","stn33","stn33_20180801_N_LEII","N",43.59716667,-78.81533333,"VELIGER",7.985603439,11.64823198
"709","Summer","stn34","stn34_20180727_D_LEII","D",43.4575,-78.75633333,"pNAUPLII",1.889529642,20.15792847
"710","Summer","stn34","stn34_20180727_D_LEII","D",43.4575,-78.75633333,"ROTIFER",2.072397471,150.554528284
"711","Summer","stn34","stn34_20180727_D_LEII","D",43.4575,-78.75633333,"VELIGER",18.81011608,13.85857582
"712","Summer","stn34","stn34_20180731_N_LEII","N",43.4615,-78.75933333,"pNAUPLII",2.002377452,13.80669131
"713","Summer","stn34","stn34_20180731_N_LEII","N",43.4615,-78.75933333,"ROTIFER",1.665554798,106.587656949
"714","Summer","stn34","stn34_20180731_N_LEII","N",43.4615,-78.75933333,"VELIGER",7.776521559,7.179479483
"715","Summer","stn35","stn35_20180727_D_LEII","D",43.36233333,-78.72966667,"pNAUPLII",0.135443328,2.186406946
"716","Summer","stn35","stn35_20180727_D_LEII","D",43.36233333,-78.72966667,"ROTIFER",4.788514321,62.191130912
"717","Summer","stn35","stn35_20180727_D_LEII","D",43.36233333,-78.72966667,"VELIGER",11.98748444,62.67699912
"718","Summer","stn39","stn39_20180810_D_Limnos","D",43.486667,-78,"pNAUPLII",0.499167302,4.401622718
"719","Summer","stn39","stn39_20180810_D_Limnos","D",43.486667,-78,"ROTIFER",1.452027686,150.912778905
"720","Summer","stn39","stn39_20180810_D_Limnos","D",43.486667,-78,"VELIGER",0.302608215,0.628803245
"721","Summer","stn40","stn40_20180810_D_Limnos","D",43.59,-78.011667,"pNAUPLII",0.197662797,2.328519856
"722","Summer","stn40","stn40_20180810_D_Limnos","D",43.59,-78.011667,"ROTIFER",1.516886034,95.469314079
"723","Summer","stn40","stn40_20180810_D_Limnos","D",43.59,-78.011667,"VELIGER",0.078427194,0.465703971
"724","Summer","stn41","stn41_20180809_D_Limnos","D",43.716667,-78.026667,"pNAUPLII",0.52193061,5.697435897
"725","Summer","stn41","stn41_20180809_D_Limnos","D",43.716667,-78.026667,"ROTIFER",1.404153163,66.297435906
"726","Summer","stn41","stn41_20180809_D_Limnos","D",43.716667,-78.026667,"VELIGER",0.505169454,0.517948718
"727","Summer","stn42","stn42_20180809_D_Limnos","D",43.84,-78.036667,"pNAUPLII",0.445186601,4.821428571
"728","Summer","stn42","stn42_20180809_D_Limnos","D",43.84,-78.036667,"ROTIFER",5.280463864,120.097402602
"729","Summer","stn42","stn42_20180809_D_Limnos","D",43.84,-78.036667,"VELIGER",0,0
"730","Summer","stn49","stn49_20180809_D_Limnos","D",43.771667,-77.438333,"pNAUPLII",0.368618533,3.795620438
"731","Summer","stn49","stn49_20180809_D_Limnos","D",43.771667,-77.438333,"ROTIFER",1.999883791,130.948905112
"732","Summer","stn49","stn49_20180809_D_Limnos","D",43.771667,-77.438333,"VELIGER",0.334095329,0.94890511
"733","Summer","stn63","stn63_20180801_D_Limnos","D",43.731667,-77.016667,"pNAUPLII",0.161037496,1.286135693
"734","Summer","stn63","stn63_20180801_D_Limnos","D",43.731667,-77.016667,"ROTIFER",3.043047285,180.70206491
"735","Summer","stn63","stn63_20180801_D_Limnos","D",43.731667,-77.016667,"VELIGER",0.994026519,7.716814159
"736","Summer","stn64","stn64_20180801_D_Limnos","D",43.525,-76.926667,"pNAUPLII",1.43230155,9.315068493
"737","Summer","stn64","stn64_20180801_D_Limnos","D",43.525,-76.926667,"ROTIFER",1.587204186,185.680365304
"738","Summer","stn64","stn64_20180801_D_Limnos","D",43.525,-76.926667,"VELIGER",0,0
"739","Summer","stn65","stn65_20180801_D_Limnos","D",43.423333,-76.883333,"pNAUPLII",0.140409366,1.702702703
"740","Summer","stn65","stn65_20180801_D_Limnos","D",43.423333,-76.883333,"ROTIFER",2.098818137,131.675675683
"741","Summer","stn65","stn65_20180801_D_Limnos","D",43.423333,-76.883333,"VELIGER",0.544933248,2.27027027
"742","Summer","stn69","stn69_20180802_D_Limnos","D",43.6078,-76.7142,"pNAUPLII",0.142959463,1.245762712
"743","Summer","stn69","stn69_20180802_D_Limnos","D",43.6078,-76.7142,"ROTIFER",2.785291141,97.584745758
"744","Summer","stn69","stn69_20180802_D_Limnos","D",43.6078,-76.7142,"VELIGER",0,0
"745","Summer","stn70","stn70_1970_20180802_D_Limnos","D",43.65,-77.3,"pNAUPLII",2.177998995,19.16301703
"746","Summer","stn70","stn70_1970_20180802_D_Limnos","D",43.65,-77.3,"ROTIFER",2.463485363,227.343065689
"747","Summer","stn70","stn70_1970_20180802_D_Limnos","D",43.65,-77.3,"VELIGER",4.05921545,2.613138686
"748","Summer","stn715","stn715_20180801_D_Limnos","D",43.635,-76.968333,"pNAUPLII",0.384381535,6.256410256
"749","Summer","stn715","stn715_20180801_D_Limnos","D",43.635,-76.968333,"ROTIFER",3.72355724,259.641025636
"750","Summer","stn715","stn715_20180801_D_Limnos","D",43.635,-76.968333,"VELIGER",0,0
"751","Summer","stn716","stn716_20180809_D_Limnos","D",43.596667,-77.44,"pNAUPLII",0.299248441,2.617391304
"752","Summer","stn716","stn716_20180809_D_Limnos","D",43.596667,-77.44,"ROTIFER",2.638947326,103.947826082
"753","Summer","stn716","stn716_20180809_D_Limnos","D",43.596667,-77.44,"VELIGER",0,0
"754","Summer","stn717","stn717_20180731_D_Limnos","D",43.281667,-77.44,"pNAUPLII",0.286984242,2.646017699
"755","Summer","stn717","stn717_20180731_D_Limnos","D",43.281667,-77.44,"ROTIFER",1.424492474,54.345132744
"756","Summer","stn717","stn717_20180731_D_Limnos","D",43.281667,-77.44,"VELIGER",3.083075673,7.734513274
"757","Summer","stn74","stn74_20180802_D_Limnos","D",43.75,-76.518333,"pNAUPLII",0.122136196,1.669099757
"758","Summer","stn74","stn74_20180802_D_Limnos","D",43.75,-76.518333,"ROTIFER",0.569619409,56.034063264
"759","Summer","stn74","stn74_20180802_D_Limnos","D",43.75,-76.518333,"VELIGER",0.099609293,0.715328467
"760","Summer","stn77","stn77_20180802_D_Limnos","D",43.956667,-76.409167,"pNAUPLII",0.080255733,0.561797753
"761","Summer","stn77","stn77_20180802_D_Limnos","D",43.956667,-76.409167,"ROTIFER",7.106524842,134.269662921
"762","Summer","stn77","stn77_20180802_D_Limnos","D",43.956667,-76.409167,"VELIGER",1.528716397,2.247191011
"763","Summer","stn8","stn8_20180725_D_LEII","D",43.62333333,-79.45333333,"pNAUPLII",0.089357869,1.652028309
"764","Summer","stn8","stn8_20180725_D_LEII","D",43.62333333,-79.45333333,"ROTIFER",1.004206409,22.210602825
"765","Summer","stn8","stn8_20180725_D_LEII","D",43.62333333,-79.45333333,"VELIGER",7.212911873,42.95273604
"766","Summer","stn84","stn84_20180801_D_Limnos","D",43.885833,-76.732778,"pNAUPLII",0.082811068,1.381338742
"767","Summer","stn84","stn84_20180801_D_Limnos","D",43.885833,-76.732778,"ROTIFER",2.802481181,107.283975659
"768","Summer","stn84","stn84_20180801_D_Limnos","D",43.885833,-76.732778,"VELIGER",1.942798354,7.367139959
"769","Summer","stn9","stn9_20180725_D_LEII","D",43.587,-79.395,"pNAUPLII",0.133147278,1.071431077
"770","Summer","stn9","stn9_20180725_D_LEII","D",43.587,-79.395,"ROTIFER",2.825343488,46.964395536
"771","Summer","stn9","stn9_20180725_D_LEII","D",43.587,-79.395,"VELIGER",4.545934394,28.03577985
