"","Season","Station","EventCode","DN","Lat","Long","Transect","Basin","SUMGROUP","Zoop_Bio_Sum","Zoop_Den_Sum"
"1","Early Fall",33,"stn33_20180925_N_LG","N",43.5964,-78.8144,"2","W","BOSMINID",104503.90393,65603.54559
"2","Early Fall",33,"stn33_20180925_N_LG","N",43.5964,-78.8144,"2","W","BYTH",5924.070378,40.97782443
"3","Early Fall",33,"stn33_20180925_N_LG","N",43.5964,-78.8144,"2","W","CALANOID",254655.008668,59203.199678
"4","Early Fall",33,"stn33_20180925_N_LG","N",43.5964,-78.8144,"2","W","CERC",11309.54233,2101.576996
"5","Early Fall",33,"stn33_20180925_N_LG","N",43.5964,-78.8144,"2","W","CYCLOPOID",144766.50227,72003.89149
"6","Early Fall",33,"stn33_20180925_N_LG","N",43.5964,-78.8144,"2","W","DAPHNID",738024.67759,140807.61008
"7","Early Fall",33,"stn33_20180925_N_LG","N",43.5964,-78.8144,"2","W","LIMNO",0,0
"8","Early Fall",33,"stn33_20180925_N_LG","N",43.5964,-78.8144,"2","W","NDAP",36989.76166,14400.7783
"9","Early Fall",34,"stn34_20180926_N_LG","N",43.4611,-78.7594,"2","W","BOSMINID",111423.20135,65564.51909
"10","Early Fall",34,"stn34_20180926_N_LG","N",43.4611,-78.7594,"2","W","BYTH",1162.181755,11.70794984
"11","Early Fall",34,"stn34_20180926_N_LG","N",43.4611,-78.7594,"2","W","CALANOID",141623.412111,34343.319514
"12","Early Fall",34,"stn34_20180926_N_LG","N",43.4611,-78.7594,"2","W","CERC",2276.163143,409.7782443
"13","Early Fall",34,"stn34_20180926_N_LG","N",43.4611,-78.7594,"2","W","CYCLOPOID",123523.70746,74930.87895
"14","Early Fall",34,"stn34_20180926_N_LG","N",43.4611,-78.7594,"2","W","DAPHNID",213435.199703,62442.399124
"15","Early Fall",34,"stn34_20180926_N_LG","N",43.4611,-78.7594,"2","W","LIMNO",506.951889,1040.706652
"16","Early Fall",34,"stn34_20180926_N_LG","N",43.4611,-78.7594,"2","W","NDAP",4103.360077,2081.413304
"17","Early Fall",69,"stn69_20180924_D_LG","D",43.6053,-76.7147,"5","E","BOSMINID",73160.88297,52577.143801
"18","Early Fall",69,"stn69_20180924_D_LG","D",43.6053,-76.7147,"5","E","BYTH",6181.484045,57.93624661
"19","Early Fall",69,"stn69_20180924_D_LG","D",43.6053,-76.7147,"5","E","CALANOID",251249.833194,46204.156676
"20","Early Fall",69,"stn69_20180924_D_LG","D",43.6053,-76.7147,"5","E","CERC",4145.025832,687.9929285
"21","Early Fall",69,"stn69_20180924_D_LG","D",43.6053,-76.7147,"5","E","CYCLOPOID",376198.3821,246953.25119
"22","Early Fall",69,"stn69_20180924_D_LG","D",43.6053,-76.7147,"5","E","DAPHNID",47538.192786,23898.701733
"23","Early Fall",69,"stn69_20180924_D_LG","D",43.6053,-76.7147,"5","E","LIMNO",0,0
"24","Early Fall",69,"stn69_20180924_D_LG","D",43.6053,-76.7147,"5","E","NDAP",15591.87784,4779.740346
"25","Early Fall",715,"stn715_20180924_D_LG","D",43.6356,-76.9694,"5","E","BOSMINID",121062.58495,64097.94432
"26","Early Fall",715,"stn715_20180924_D_LG","D",43.6356,-76.9694,"5","E","BYTH",1925.351336,22.1834839
"27","Early Fall",715,"stn715_20180924_D_LG","D",43.6356,-76.9694,"5","E","CALANOID",340310.74113,62266.574478
"28","Early Fall",715,"stn715_20180924_D_LG","D",43.6356,-76.9694,"5","E","CERC",452.9691262,66.5504517
"29","Early Fall",715,"stn715_20180924_D_LG","D",43.6356,-76.9694,"5","E","CYCLOPOID",308145.4463,181305.61392
"30","Early Fall",715,"stn715_20180924_D_LG","D",43.6356,-76.9694,"5","E","DAPHNID",716325.8342,128195.8886
"31","Early Fall",715,"stn715_20180924_D_LG","D",43.6356,-76.9694,"5","E","LIMNO",0,0
"32","Early Fall",715,"stn715_20180924_D_LG","D",43.6356,-76.9694,"5","E","NDAP",0,0
"33","Early Spring",12,"stn12_20180409_D_LG","D",43.50348333,-79.35378333,"1","W","BOSMINID",170.63285833,188.270257101
"34","Early Spring",12,"stn12_20180409_D_LG","D",43.50348333,-79.35378333,"1","W","BYTH",0,0
"35","Early Spring",12,"stn12_20180409_D_LG","D",43.50348333,-79.35378333,"1","W","CALANOID",18098.86210056,3765.405142501
"36","Early Spring",12,"stn12_20180409_D_LG","D",43.50348333,-79.35378333,"1","W","CERC",0,0
"37","Early Spring",12,"stn12_20180409_D_LG","D",43.50348333,-79.35378333,"1","W","CYCLOPOID",11173.126671,3329.410863
"38","Early Spring",12,"stn12_20180409_D_LG","D",43.50348333,-79.35378333,"1","W","DAPHNID",145.94914165,79.271687201
"39","Early Spring",12,"stn12_20180409_D_LG","D",43.50348333,-79.35378333,"1","W","LIMNO",1686.5479745,118.90753081
"40","Early Spring",12,"stn12_20180409_D_LG","D",43.50348333,-79.35378333,"1","W","NDAP",0,0
"41","Early Spring",25,"stn25_20180409_D_LG","N",43.51655,-79.08008333,"GLISP","W","BOSMINID",184.8349293,130.2803155
"42","Early Spring",25,"stn25_20180409_D_LG","N",43.51655,-79.08008333,"GLISP","W","BYTH",0,0
"43","Early Spring",25,"stn25_20180409_D_LG","N",43.51655,-79.08008333,"GLISP","W","CALANOID",26157.4747105,3547.633206
"44","Early Spring",25,"stn25_20180409_D_LG","N",43.51655,-79.08008333,"GLISP","W","CERC",0,0
"45","Early Spring",25,"stn25_20180409_D_LG","N",43.51655,-79.08008333,"GLISP","W","CYCLOPOID",23987.741065654,5602.05356573
"46","Early Spring",25,"stn25_20180409_D_LG","N",43.51655,-79.08008333,"GLISP","W","DAPHNID",218.90513674,60.12937638
"47","Early Spring",25,"stn25_20180409_D_LG","N",43.51655,-79.08008333,"GLISP","W","LIMNO",23071.84962711,481.03501099
"48","Early Spring",25,"stn25_20180409_D_LG","N",43.51655,-79.08008333,"GLISP","W","NDAP",0,0
"49","Early Spring",33,"stn33_20180410_N_LG","N",43.59451833,-78.8019,"2","W","BOSMINID",30.23338288,51.37267108
"50","Early Spring",33,"stn33_20180410_N_LG","N",43.59451833,-78.8019,"2","W","BYTH",0,0
"51","Early Spring",33,"stn33_20180410_N_LG","N",43.59451833,-78.8019,"2","W","CALANOID",40468.497033,4726.2857393
"52","Early Spring",33,"stn33_20180410_N_LG","N",43.59451833,-78.8019,"2","W","CERC",0,0
"53","Early Spring",33,"stn33_20180410_N_LG","N",43.59451833,-78.8019,"2","W","CYCLOPOID",25449.577851397,4640.66462069
"54","Early Spring",33,"stn33_20180410_N_LG","N",43.59451833,-78.8019,"2","W","DAPHNID",100.5878234,136.9937895
"55","Early Spring",33,"stn33_20180410_N_LG","N",43.59451833,-78.8019,"2","W","LIMNO",21403.08558231,445.22981599
"56","Early Spring",33,"stn33_20180410_N_LG","N",43.59451833,-78.8019,"2","W","NDAP",0,0
"57","Early Spring",41,"stn41_20180410_D_LG","D",43.717,-78.02658333,"3","W","BOSMINID",47.55215436,59.4537654
"58","Early Spring",41,"stn41_20180410_D_LG","D",43.717,-78.02658333,"3","W","BYTH",0,0
"59","Early Spring",41,"stn41_20180410_D_LG","D",43.717,-78.02658333,"3","W","CALANOID",63121.9759381,5588.6539479
"60","Early Spring",41,"stn41_20180410_D_LG","D",43.717,-78.02658333,"3","W","CERC",0,0
"61","Early Spring",41,"stn41_20180410_D_LG","D",43.717,-78.02658333,"3","W","CYCLOPOID",47048.97969159,9235.1515588
"62","Early Spring",41,"stn41_20180410_D_LG","D",43.717,-78.02658333,"3","W","DAPHNID",40.099599,39.6358436
"63","Early Spring",41,"stn41_20180410_D_LG","D",43.717,-78.02658333,"3","W","LIMNO",11938.7976,195.3480863
"64","Early Spring",41,"stn41_20180410_D_LG","D",43.717,-78.02658333,"3","W","NDAP",0,0
"65","Early Spring",49,"stn49_20180410_D_LG","D",43.77221667,-77.43795,"4","E","BOSMINID",27.90547446,37.52755405
"66","Early Spring",49,"stn49_20180410_D_LG","D",43.77221667,-77.43795,"4","E","BYTH",0,0
"67","Early Spring",49,"stn49_20180410_D_LG","D",43.77221667,-77.43795,"4","E","CALANOID",33981.873048,2739.51144585
"68","Early Spring",49,"stn49_20180410_D_LG","D",43.77221667,-77.43795,"4","E","CERC",0,0
"69","Early Spring",49,"stn49_20180410_D_LG","D",43.77221667,-77.43795,"4","E","CYCLOPOID",57404.03588,12665.549492
"70","Early Spring",49,"stn49_20180410_D_LG","D",43.77221667,-77.43795,"4","E","DAPHNID",0,0
"71","Early Spring",49,"stn49_20180410_D_LG","D",43.77221667,-77.43795,"4","E","LIMNO",14013.02089,241.2485617
"72","Early Spring",49,"stn49_20180410_D_LG","D",43.77221667,-77.43795,"4","E","NDAP",0,0
"73","Early Spring",55,"stn55_20180411_D_LG","D",43.44381667,-77.44155,"4","E","BOSMINID",1125.895687,705.5180161
"74","Early Spring",55,"stn55_20180411_D_LG","D",43.44381667,-77.44155,"4","E","BYTH",0,0
"75","Early Spring",55,"stn55_20180411_D_LG","D",43.44381667,-77.44155,"4","E","CALANOID",44420.6609783,6892.36831183
"76","Early Spring",55,"stn55_20180411_D_LG","D",43.44381667,-77.44155,"4","E","CERC",0,0
"77","Early Spring",55,"stn55_20180411_D_LG","D",43.44381667,-77.44155,"4","E","CYCLOPOID",58454.48571,23119.282683
"78","Early Spring",55,"stn55_20180411_D_LG","D",43.44381667,-77.44155,"4","E","DAPHNID",704.5260643,922.6004826
"79","Early Spring",55,"stn55_20180411_D_LG","D",43.44381667,-77.44155,"4","E","LIMNO",3103.873221,69.77650709
"80","Early Spring",55,"stn55_20180411_D_LG","D",43.44381667,-77.44155,"4","E","NDAP",0,0
"81","Early Spring",60,"stn60_20180411_D_LG","D",43.57765167,-77.195905,"GLISP","E","BOSMINID",36.86608274,49.3369242
"82","Early Spring",60,"stn60_20180411_D_LG","D",43.57765167,-77.195905,"GLISP","E","BYTH",0,0
"83","Early Spring",60,"stn60_20180411_D_LG","D",43.57765167,-77.195905,"GLISP","E","CALANOID",12683.826239,1850.1346577
"84","Early Spring",60,"stn60_20180411_D_LG","D",43.57765167,-77.195905,"GLISP","E","CERC",0,0
"85","Early Spring",60,"stn60_20180411_D_LG","D",43.57765167,-77.195905,"GLISP","E","CYCLOPOID",26592.81748456,9374.0155991
"86","Early Spring",60,"stn60_20180411_D_LG","D",43.57765167,-77.195905,"GLISP","E","DAPHNID",0,0
"87","Early Spring",60,"stn60_20180411_D_LG","D",43.57765167,-77.195905,"GLISP","E","LIMNO",1770.305803,31.71659413
"88","Early Spring",60,"stn60_20180411_D_LG","D",43.57765167,-77.195905,"GLISP","E","NDAP",0,0
"89","Early Spring",63,"stn63_20180410_D_LG","D",43.73185,-77.0176,"5","E","BOSMINID",21.55974813,27.77629985
"90","Early Spring",63,"stn63_20180410_D_LG","D",43.73185,-77.0176,"5","E","BYTH",0,0
"91","Early Spring",63,"stn63_20180410_D_LG","D",43.73185,-77.0176,"5","E","CALANOID",27285.55678059,2499.86698644
"92","Early Spring",63,"stn63_20180410_D_LG","D",43.73185,-77.0176,"5","E","CERC",0,0
"93","Early Spring",63,"stn63_20180410_D_LG","D",43.73185,-77.0176,"5","E","CYCLOPOID",23399.585444075,7846.80470692
"94","Early Spring",63,"stn63_20180410_D_LG","D",43.73185,-77.0176,"5","E","DAPHNID",0,0
"95","Early Spring",63,"stn63_20180410_D_LG","D",43.73185,-77.0176,"5","E","LIMNO",18407.87384,321.4114697
"96","Early Spring",63,"stn63_20180410_D_LG","D",43.73185,-77.0176,"5","E","NDAP",0,0
"97","Early Summer",33,"stn33_20180618_N_LG","N",43.5959,-78.81518333,"2","W","BOSMINID",2992.571311,846.2559595
"98","Early Summer",33,"stn33_20180618_N_LG","N",43.5959,-78.81518333,"2","W","BYTH",1942.375806,35.59020391
"99","Early Summer",33,"stn33_20180618_N_LG","N",43.5959,-78.81518333,"2","W","CALANOID",245082.583368,44005.3098945
"100","Early Summer",33,"stn33_20180618_N_LG","N",43.5959,-78.81518333,"2","W","CERC",1391.067879,189.8144208
"101","Early Summer",33,"stn33_20180618_N_LG","N",43.5959,-78.81518333,"2","W","CYCLOPOID",258847.2107,125245.88199
"102","Early Summer",33,"stn33_20180618_N_LG","N",43.5959,-78.81518333,"2","W","DAPHNID",22619.24241,5077.535757
"103","Early Summer",33,"stn33_20180618_N_LG","N",43.5959,-78.81518333,"2","W","LIMNO",544561.749,12693.839393
"104","Early Summer",33,"stn33_20180618_N_LG","N",43.5959,-78.81518333,"2","W","NDAP",0,0
"105","Early Summer",33,"stn33_20180619_D_LG","D",43.59638333,-78.81388333,"2","W","BOSMINID",3657.539034,2938.327234
"106","Early Summer",33,"stn33_20180619_D_LG","D",43.59638333,-78.81388333,"2","W","BYTH",1357.710943,21.35412234
"107","Early Summer",33,"stn33_20180619_D_LG","D",43.59638333,-78.81388333,"2","W","CALANOID",256931.97902,74192.76267
"108","Early Summer",33,"stn33_20180619_D_LG","D",43.59638333,-78.81388333,"2","W","CERC",384.5689753,78.29844859
"109","Early Summer",33,"stn33_20180619_D_LG","D",43.59638333,-78.81388333,"2","W","CYCLOPOID",198749.66649,96230.21693
"110","Early Summer",33,"stn33_20180619_D_LG","D",43.59638333,-78.81388333,"2","W","DAPHNID",1680.144555,734.5818086
"111","Early Summer",33,"stn33_20180619_D_LG","D",43.59638333,-78.81388333,"2","W","LIMNO",128057.945,2203.745426
"112","Early Summer",33,"stn33_20180619_D_LG","D",43.59638333,-78.81388333,"2","W","NDAP",0,0
"113","Early Summer",34,"stn34_20180619_D_LG","D",43.46465,-78.752805,"2","W","BOSMINID",75015.52144,50761.28235
"114","Early Summer",34,"stn34_20180619_D_LG","D",43.46465,-78.752805,"2","W","BYTH",280.2501165,5.429014155
"115","Early Summer",34,"stn34_20180619_D_LG","D",43.46465,-78.752805,"2","W","CALANOID",166896.387777,52254.261249
"116","Early Summer",34,"stn34_20180619_D_LG","D",43.46465,-78.752805,"2","W","CERC",242.9729138,32.57408493
"117","Early Summer",34,"stn34_20180619_D_LG","D",43.46465,-78.752805,"2","W","CYCLOPOID",593048.317,247834.49614
"118","Early Summer",34,"stn34_20180619_D_LG","D",43.46465,-78.752805,"2","W","DAPHNID",11640.78155,1492.978893
"119","Early Summer",34,"stn34_20180619_D_LG","D",43.46465,-78.752805,"2","W","LIMNO",183583.0318,2985.957785
"120","Early Summer",34,"stn34_20180619_D_LG","D",43.46465,-78.752805,"2","W","NDAP",0,0
"121","Early Summer",69,"stn69_20180621_D_LG","D",43.59906833,-76.710005,"5","E","BOSMINID",2762.184498,1999.279704
"122","Early Summer",69,"stn69_20180621_D_LG","D",43.59906833,-76.710005,"5","E","BYTH",0,0
"123","Early Summer",69,"stn69_20180621_D_LG","D",43.59906833,-76.710005,"5","E","CALANOID",79690.33853,23991.356454
"124","Early Summer",69,"stn69_20180621_D_LG","D",43.59906833,-76.710005,"5","E","CERC",31.73411451,5.338530586
"125","Early Summer",69,"stn69_20180621_D_LG","D",43.59906833,-76.710005,"5","E","CYCLOPOID",877785.2041,391858.8221
"126","Early Summer",69,"stn69_20180621_D_LG","D",43.59906833,-76.710005,"5","E","DAPHNID",0,0
"127","Early Summer",69,"stn69_20180621_D_LG","D",43.59906833,-76.710005,"5","E","LIMNO",118444.0981,1999.279704
"128","Early Summer",69,"stn69_20180621_D_LG","D",43.59906833,-76.710005,"5","E","NDAP",0,0
"129","Early Summer",69,"stn69_20180621_N_LG","D",43.59906833,-76.710005,"5","E","BOSMINID",1984.65729,1408.851242
"130","Early Summer",69,"stn69_20180621_N_LG","D",43.59906833,-76.710005,"5","E","BYTH",708.162336,15.62496757
"131","Early Summer",69,"stn69_20180621_N_LG","D",43.59906833,-76.710005,"5","E","CALANOID",70177.391899,22541.619874
"132","Early Summer",69,"stn69_20180621_N_LG","D",43.59906833,-76.710005,"5","E","CERC",343.2177659,39.06241892
"133","Early Summer",69,"stn69_20180621_N_LG","D",43.59906833,-76.710005,"5","E","CYCLOPOID",533133.2381,315582.67827
"134","Early Summer",69,"stn69_20180621_N_LG","D",43.59906833,-76.710005,"5","E","DAPHNID",5540.34161,1408.851242
"135","Early Summer",69,"stn69_20180621_N_LG","D",43.59906833,-76.710005,"5","E","LIMNO",313646.32257,5635.404969
"136","Early Summer",69,"stn69_20180621_N_LG","D",43.59906833,-76.710005,"5","E","NDAP",5152.593013,1408.851242
"137","Early Summer",715,"stn715_20180620_N_LG","N",43.63643333,-76.96826667,"5","E","BOSMINID",32399.14138,25048.38551
"138","Early Summer",715,"stn715_20180620_N_LG","N",43.63643333,-76.96826667,"5","E","BYTH",0,0
"139","Early Summer",715,"stn715_20180620_N_LG","N",43.63643333,-76.96826667,"5","E","CALANOID",157656.009976,32671.807188
"140","Early Summer",715,"stn715_20180620_N_LG","N",43.63643333,-76.96826667,"5","E","CERC",961.4100643,219.6424012
"141","Early Summer",715,"stn715_20180620_N_LG","N",43.63643333,-76.96826667,"5","E","CYCLOPOID",332163.2075,192763.66239
"142","Early Summer",715,"stn715_20180620_N_LG","N",43.63643333,-76.96826667,"5","E","DAPHNID",11032.524347,4356.240958
"143","Early Summer",715,"stn715_20180620_N_LG","N",43.63643333,-76.96826667,"5","E","LIMNO",327379.32015,6534.361437
"144","Early Summer",715,"stn715_20180620_N_LG","N",43.63643333,-76.96826667,"5","E","NDAP",0,0
"145","Early Summer",715,"stn715_20180621_D_LG","D",43.63643333,-76.96826667,"5","E","BOSMINID",41528.1383,32340.45011
"146","Early Summer",715,"stn715_20180621_D_LG","D",43.63643333,-76.96826667,"5","E","BYTH",854.320288,16.56785354
"147","Early Summer",715,"stn715_20180621_D_LG","D",43.63643333,-76.96826667,"5","E","CALANOID",57772.31971,18191.503194
"148","Early Summer",715,"stn715_20180621_D_LG","D",43.63643333,-76.96826667,"5","E","CERC",2439.980028,358.9701601
"149","Early Summer",715,"stn715_20180621_D_LG","D",43.63643333,-76.96826667,"5","E","CYCLOPOID",1190764.441,410319.4608
"150","Early Summer",715,"stn715_20180621_D_LG","D",43.63643333,-76.96826667,"5","E","DAPHNID",20836.61432,6063.834397
"151","Early Summer",715,"stn715_20180621_D_LG","D",43.63643333,-76.96826667,"5","E","LIMNO",0,0
"152","Early Summer",715,"stn715_20180621_D_LG","D",43.63643333,-76.96826667,"5","E","NDAP",0,0
"153","Late Spring",33,"stn33_20180521_D_LG","D",43.59703333,-78.81426667,"2","W","BOSMINID",0,0
"154","Late Spring",33,"stn33_20180521_D_LG","D",43.59703333,-78.81426667,"2","W","BYTH",0,0
"155","Late Spring",33,"stn33_20180521_D_LG","D",43.59703333,-78.81426667,"2","W","CALANOID",51465.9886738,19705.0372284
"156","Late Spring",33,"stn33_20180521_D_LG","D",43.59703333,-78.81426667,"2","W","CERC",0,0
"157","Late Spring",33,"stn33_20180521_D_LG","D",43.59703333,-78.81426667,"2","W","CYCLOPOID",13126.372016,2003.9020906
"158","Late Spring",33,"stn33_20180521_D_LG","D",43.59703333,-78.81426667,"2","W","DAPHNID",0,0
"159","Late Spring",33,"stn33_20180521_D_LG","D",43.59703333,-78.81426667,"2","W","LIMNO",10855.76877,2226.557879
"160","Late Spring",33,"stn33_20180521_D_LG","D",43.59703333,-78.81426667,"2","W","NDAP",0,0
"161","Late Spring",33,"stn33_20180522_N_LG","N",43.60321667,-78.81972,"2","W","BOSMINID",0,0
"162","Late Spring",33,"stn33_20180522_N_LG","N",43.60321667,-78.81972,"2","W","BYTH",0,0
"163","Late Spring",33,"stn33_20180522_N_LG","N",43.60321667,-78.81972,"2","W","CALANOID",52857.59128,18629.630867
"164","Late Spring",33,"stn33_20180522_N_LG","N",43.60321667,-78.81972,"2","W","CERC",0,0
"165","Late Spring",33,"stn33_20180522_N_LG","N",43.60321667,-78.81972,"2","W","CYCLOPOID",45048.0460199,5758.2495426
"166","Late Spring",33,"stn33_20180522_N_LG","N",43.60321667,-78.81972,"2","W","DAPHNID",0,0
"167","Late Spring",33,"stn33_20180522_N_LG","N",43.60321667,-78.81972,"2","W","LIMNO",78174.74559,10669.69768
"168","Late Spring",33,"stn33_20180522_N_LG","N",43.60321667,-78.81972,"2","W","NDAP",0,0
"169","Late Spring",34,"stn34_20180521_D_LG","D",43.4622,-78.76003333,"2","W","BOSMINID",1467.643959,1375.884928
"170","Late Spring",34,"stn34_20180521_D_LG","D",43.4622,-78.76003333,"2","W","BYTH",0,0
"171","Late Spring",34,"stn34_20180521_D_LG","D",43.4622,-78.76003333,"2","W","CALANOID",81631.820198,35314.3798254
"172","Late Spring",34,"stn34_20180521_D_LG","D",43.4622,-78.76003333,"2","W","CERC",0,0
"173","Late Spring",34,"stn34_20180521_D_LG","D",43.4622,-78.76003333,"2","W","CYCLOPOID",788283.8574423,85763.4938584
"174","Late Spring",34,"stn34_20180521_D_LG","D",43.4622,-78.76003333,"2","W","DAPHNID",0,0
"175","Late Spring",34,"stn34_20180521_D_LG","D",43.4622,-78.76003333,"2","W","LIMNO",137294.0757,5962.1680224
"176","Late Spring",34,"stn34_20180521_D_LG","D",43.4622,-78.76003333,"2","W","NDAP",0,0
"177","Late Spring",34,"stn34_20180521_N_LG","N",43.460835,-78.75971667,"2","W","BOSMINID",0,0
"178","Late Spring",34,"stn34_20180521_N_LG","N",43.460835,-78.75971667,"2","W","BYTH",0,0
"179","Late Spring",34,"stn34_20180521_N_LG","N",43.460835,-78.75971667,"2","W","CALANOID",102269.527055,42166.579143
"180","Late Spring",34,"stn34_20180521_N_LG","N",43.460835,-78.75971667,"2","W","CERC",0,0
"181","Late Spring",34,"stn34_20180521_N_LG","N",43.460835,-78.75971667,"2","W","CYCLOPOID",637023.44155,98169.06707
"182","Late Spring",34,"stn34_20180521_N_LG","N",43.460835,-78.75971667,"2","W","DAPHNID",0,0
"183","Late Spring",34,"stn34_20180521_N_LG","N",43.460835,-78.75971667,"2","W","LIMNO",457927.7054,17130.17278
"184","Late Spring",34,"stn34_20180521_N_LG","N",43.460835,-78.75971667,"2","W","NDAP",0,0
"185","Late Spring",69,"stn69_20180523_D_LG","D",43.60028333,-76.70981667,"5","E","BOSMINID",735.5615003,167.7823898
"186","Late Spring",69,"stn69_20180523_D_LG","D",43.60028333,-76.70981667,"5","E","BYTH",0,0
"187","Late Spring",69,"stn69_20180523_D_LG","D",43.60028333,-76.70981667,"5","E","CALANOID",57996.559737,10905.8553402
"188","Late Spring",69,"stn69_20180523_D_LG","D",43.60028333,-76.70981667,"5","E","CERC",0,0
"189","Late Spring",69,"stn69_20180523_D_LG","D",43.60028333,-76.70981667,"5","E","CYCLOPOID",113254.936645,30536.394949
"190","Late Spring",69,"stn69_20180523_D_LG","D",43.60028333,-76.70981667,"5","E","DAPHNID",0,0
"191","Late Spring",69,"stn69_20180523_D_LG","D",43.60028333,-76.70981667,"5","E","LIMNO",46687.93391,2852.300627
"192","Late Spring",69,"stn69_20180523_D_LG","D",43.60028333,-76.70981667,"5","E","NDAP",0,0
"193","Late Spring",69,"stn69_20180523_N_LG","N",43.59818333,-76.710135,"5","E","BOSMINID",0,0
"194","Late Spring",69,"stn69_20180523_N_LG","N",43.59818333,-76.710135,"5","E","BYTH",0,0
"195","Late Spring",69,"stn69_20180523_N_LG","N",43.59818333,-76.710135,"5","E","CALANOID",100396.70576,12494.4332867
"196","Late Spring",69,"stn69_20180523_N_LG","N",43.59818333,-76.710135,"5","E","CERC",0,0
"197","Late Spring",69,"stn69_20180523_N_LG","N",43.59818333,-76.710135,"5","E","CYCLOPOID",251409.143654,44582.409681
"198","Late Spring",69,"stn69_20180523_N_LG","N",43.59818333,-76.710135,"5","E","DAPHNID",0,0
"199","Late Spring",69,"stn69_20180523_N_LG","N",43.59818333,-76.710135,"5","E","LIMNO",54619.31578,2555.6795359
"200","Late Spring",69,"stn69_20180523_N_LG","N",43.59818333,-76.710135,"5","E","NDAP",0,0
"201","Late Spring",715,"stn715_20180522_N_LG","N",43.63547,-76.97046667,"5","E","BOSMINID",0,0
"202","Late Spring",715,"stn715_20180522_N_LG","N",43.63547,-76.97046667,"5","E","BYTH",0,0
"203","Late Spring",715,"stn715_20180522_N_LG","N",43.63547,-76.97046667,"5","E","CALANOID",59745.163963,12106.1447435
"204","Late Spring",715,"stn715_20180522_N_LG","N",43.63547,-76.97046667,"5","E","CERC",0,0
"205","Late Spring",715,"stn715_20180522_N_LG","N",43.63547,-76.97046667,"5","E","CYCLOPOID",125066.674685,24392.97822
"206","Late Spring",715,"stn715_20180522_N_LG","N",43.63547,-76.97046667,"5","E","DAPHNID",128.9592883,180.6887275
"207","Late Spring",715,"stn715_20180522_N_LG","N",43.63547,-76.97046667,"5","E","LIMNO",109143.45474,5059.2843705
"208","Late Spring",715,"stn715_20180522_N_LG","N",43.63547,-76.97046667,"5","E","NDAP",0,0
"209","Late Spring",715,"stn715_20180523_D_LG","D",43.6358,-76.96956667,"5","E","BOSMINID",120.9175499,163.2962297
"210","Late Spring",715,"stn715_20180523_D_LG","D",43.6358,-76.96956667,"5","E","BYTH",0,0
"211","Late Spring",715,"stn715_20180523_D_LG","D",43.6358,-76.96956667,"5","E","CALANOID",14884.0899428,3429.22082334
"212","Late Spring",715,"stn715_20180523_D_LG","D",43.6358,-76.96956667,"5","E","CERC",0,0
"213","Late Spring",715,"stn715_20180523_D_LG","D",43.6358,-76.96956667,"5","E","CYCLOPOID",65616.047901,11349.087963
"214","Late Spring",715,"stn715_20180523_D_LG","D",43.6358,-76.96956667,"5","E","DAPHNID",0,0
"215","Late Spring",715,"stn715_20180523_D_LG","D",43.6358,-76.96956667,"5","E","LIMNO",14150.61604,2367.79533
"216","Late Spring",715,"stn715_20180523_D_LG","D",43.6358,-76.96956667,"5","E","NDAP",0,0
"217","Late Summer",12,"stn12_20180813_N_LG","N",43.503185,-79.35308333,"1","W","BOSMINID",218559.74373,115434.05677
"218","Late Summer",12,"stn12_20180813_N_LG","N",43.503185,-79.35308333,"1","W","BYTH",1185.109199,9.4929323
"219","Late Summer",12,"stn12_20180813_N_LG","N",43.503185,-79.35308333,"1","W","CALANOID",92815.065424,13655.3570922
"220","Late Summer",12,"stn12_20180813_N_LG","N",43.503185,-79.35308333,"1","W","CERC",23211.46906,4414.213519
"221","Late Summer",12,"stn12_20180813_N_LG","N",43.503185,-79.35308333,"1","W","CYCLOPOID",392290.8098,241803.97152
"222","Late Summer",12,"stn12_20180813_N_LG","N",43.503185,-79.35308333,"1","W","DAPHNID",655436.439281,92347.245419
"223","Late Summer",12,"stn12_20180813_N_LG","N",43.503185,-79.35308333,"1","W","LIMNO",0,0
"224","Late Summer",12,"stn12_20180813_N_LG","N",43.503185,-79.35308333,"1","W","NDAP",23944.19867,12961.0169
"225","Late Summer",25,"stn25_20180814_N_LG","N",43.51758667,-79.08051833,"GLISP","W","BOSMINID",152093.04464,100740.40393
"226","Late Summer",25,"stn25_20180814_N_LG","N",43.51758667,-79.08051833,"GLISP","W","BYTH",1218.028899,9.756624864
"227","Late Summer",25,"stn25_20180814_N_LG","N",43.51758667,-79.08051833,"GLISP","W","CALANOID",336100.64537,41747.2039927
"228","Late Summer",25,"stn25_20180814_N_LG","N",43.51758667,-79.08051833,"GLISP","W","CERC",39410.31044,8176.051636
"229","Late Summer",25,"stn25_20180814_N_LG","N",43.51758667,-79.08051833,"GLISP","W","CYCLOPOID",489539.7289,179001.54414
"230","Late Summer",25,"stn25_20180814_N_LG","N",43.51758667,-79.08051833,"GLISP","W","DAPHNID",546039.193101,149861.75791
"231","Late Summer",25,"stn25_20180814_N_LG","N",43.51758667,-79.08051833,"GLISP","W","LIMNO",0,0
"232","Late Summer",25,"stn25_20180814_N_LG","N",43.51758667,-79.08051833,"GLISP","W","NDAP",35119.01823,13202.10724
"233","Late Summer",33,"stn33_20180814_D_LG","D",43.59595,-78.8145,"2","W","BOSMINID",13997.182695,11340.889788
"234","Late Summer",33,"stn33_20180814_D_LG","D",43.59595,-78.8145,"2","W","BYTH",0,0
"235","Late Summer",33,"stn33_20180814_D_LG","D",43.59595,-78.8145,"2","W","CALANOID",85562.260783,15044.0374743
"236","Late Summer",33,"stn33_20180814_D_LG","D",43.59595,-78.8145,"2","W","CERC",14812.97827,4338.270061
"237","Late Summer",33,"stn33_20180814_D_LG","D",43.59595,-78.8145,"2","W","CYCLOPOID",214161.07508,92347.24541
"238","Late Summer",33,"stn33_20180814_D_LG","D",43.59595,-78.8145,"2","W","DAPHNID",260647.6113,67235.27517
"239","Late Summer",33,"stn33_20180814_D_LG","D",43.59595,-78.8145,"2","W","LIMNO",71948.56227,1388.680382
"240","Late Summer",33,"stn33_20180814_D_LG","D",43.59595,-78.8145,"2","W","NDAP",8867.622086,14176.11223
"241","Late Summer",41,"stn41_20180814_D_LG","D",43.71650333,-78.027165,"3","W","BOSMINID",9512.493039,8910.699119
"242","Late Summer",41,"stn41_20180814_D_LG","D",43.71650333,-78.027165,"3","W","BYTH",1317.632959,18.9858646
"243","Late Summer",41,"stn41_20180814_D_LG","D",43.71650333,-78.027165,"3","W","CALANOID",113297.17258,27310.714184
"244","Late Summer",41,"stn41_20180814_D_LG","D",43.71650333,-78.027165,"3","W","CERC",1821.500729,446.1678181
"245","Late Summer",41,"stn41_20180814_D_LG","D",43.71650333,-78.027165,"3","W","CYCLOPOID",196266.45887,266105.87819
"246","Late Summer",41,"stn41_20180814_D_LG","D",43.71650333,-78.027165,"3","W","DAPHNID",64968.3339115,40908.2095943
"247","Late Summer",41,"stn41_20180814_D_LG","D",43.71650333,-78.027165,"3","W","LIMNO",0,0
"248","Late Summer",41,"stn41_20180814_D_LG","D",43.71650333,-78.027165,"3","W","NDAP",870.5454519,347.1700955
"249","Late Summer",49,"stn49_20180815_N_LG","N",43.77025,-77.43955,"4","E","BOSMINID",51411.268694,46173.622709
"250","Late Summer",49,"stn49_20180815_N_LG","N",43.77025,-77.43955,"4","E","BYTH",4253.918098,94.929323
"251","Late Summer",49,"stn49_20180815_N_LG","N",43.77025,-77.43955,"4","E","CALANOID",80398.6546928,15564.7926131
"252","Late Summer",49,"stn49_20180815_N_LG","N",43.77025,-77.43955,"4","E","CERC",2459.513304,740.4487194
"253","Late Summer",49,"stn49_20180815_N_LG","N",43.77025,-77.43955,"4","E","CYCLOPOID",453444.8909,285547.40357
"254","Late Summer",49,"stn49_20180815_N_LG","N",43.77025,-77.43955,"4","E","DAPHNID",113829.9120129,28757.2562462
"255","Late Summer",49,"stn49_20180815_N_LG","N",43.77025,-77.43955,"4","E","LIMNO",33762.948628,925.7869214
"256","Late Summer",49,"stn49_20180815_N_LG","N",43.77025,-77.43955,"4","E","NDAP",0,0
"257","Late Summer",55,"stn55_20180815_D_LG","D",43.44361667,-77.438335,"4","E","BOSMINID",31138.004159,22671.394144
"258","Late Summer",55,"stn55_20180815_D_LG","D",43.44361667,-77.438335,"4","E","BYTH",17718.89457,90.06115259
"259","Late Summer",55,"stn55_20180815_D_LG","D",43.44361667,-77.438335,"4","E","CALANOID",104777.448629,25471.009406
"260","Late Summer",55,"stn55_20180815_D_LG","D",43.44361667,-77.438335,"4","E","CERC",36235.28426,5223.54685
"261","Late Summer",55,"stn55_20180815_D_LG","D",43.44361667,-77.438335,"4","E","CYCLOPOID",506519.6339,182139.67495
"262","Late Summer",55,"stn55_20180815_D_LG","D",43.44361667,-77.438335,"4","E","DAPHNID",397271.6969948,84153.1409777
"263","Late Summer",55,"stn55_20180815_D_LG","D",43.44361667,-77.438335,"4","E","LIMNO",8965.877444,164.6832504
"264","Late Summer",55,"stn55_20180815_D_LG","D",43.44361667,-77.438335,"4","E","NDAP",159423.1486,55333.57215
"265","Late Summer",60,"stn60_20180815_D_LG","D",43.579985,-77.199715,"GLISP","E","BOSMINID",48204.77826,38648.55862
"266","Late Summer",60,"stn60_20180815_D_LG","D",43.579985,-77.199715,"GLISP","E","BYTH",2359.366063,9.243118292
"267","Late Summer",60,"stn60_20180815_D_LG","D",43.579985,-77.199715,"GLISP","E","CALANOID",229521.69659,64789.857744
"268","Late Summer",60,"stn60_20180815_D_LG","D",43.579985,-77.199715,"GLISP","E","CERC",4707.422669,702.4769902
"269","Late Summer",60,"stn60_20180815_D_LG","D",43.579985,-77.199715,"GLISP","E","CYCLOPOID",487141.9558,380964.36357
"270","Late Summer",60,"stn60_20180815_D_LG","D",43.579985,-77.199715,"GLISP","E","DAPHNID",216175.568176,74142.13286
"271","Late Summer",60,"stn60_20180815_D_LG","D",43.579985,-77.199715,"GLISP","E","LIMNO",0,0
"272","Late Summer",60,"stn60_20180815_D_LG","D",43.579985,-77.199715,"GLISP","E","NDAP",4655.928679,2366.238283
"273","Late Summer",63,"stn63_20180815_N_LG","D",43.73126667,-77.017835,"5","E","BOSMINID",25562.08974,16201.2711263
"274","Late Summer",63,"stn63_20180815_N_LG","D",43.73126667,-77.017835,"5","E","BYTH",2104.958672,18.9858646
"275","Late Summer",63,"stn63_20180815_N_LG","D",43.73126667,-77.017835,"5","E","CALANOID",269678.902545,74062.9537208
"276","Late Summer",63,"stn63_20180815_N_LG","D",43.73126667,-77.017835,"5","E","CERC",735.0003723,142.3939845
"277","Late Summer",63,"stn63_20180815_N_LG","D",43.73126667,-77.017835,"5","E","CYCLOPOID",1467323.7619,818974.2554
"278","Late Summer",63,"stn63_20180815_N_LG","D",43.73126667,-77.017835,"5","E","DAPHNID",327533.9393,75335.91073
"279","Late Summer",63,"stn63_20180815_N_LG","D",43.73126667,-77.017835,"5","E","LIMNO",0,0
"280","Late Summer",63,"stn63_20180815_N_LG","D",43.73126667,-77.017835,"5","E","NDAP",0,0
"281","Summer",33,"stn33_20180726_D_LEII","D",43.596,-78.81633333,"2","W","BOSMINID",3247.969195,1619.560701
"282","Summer",33,"stn33_20180726_D_LEII","D",43.596,-78.81633333,"2","W","BYTH",5829.991902,44.56338407
"283","Summer",33,"stn33_20180726_D_LEII","D",43.596,-78.81633333,"2","W","CALANOID",15032.513758,3239.121402
"284","Summer",33,"stn33_20180726_D_LEII","D",43.596,-78.81633333,"2","W","CERC",967.4954834,120.9577567
"285","Summer",33,"stn33_20180726_D_LEII","D",43.596,-78.81633333,"2","W","CYCLOPOID",190167.90562,124706.17397
"286","Summer",33,"stn33_20180726_D_LEII","D",43.596,-78.81633333,"2","W","DAPHNID",18554.46923,3778.974969
"287","Summer",33,"stn33_20180726_D_LEII","D",43.596,-78.81633333,"2","W","LIMNO",176727.958,2699.267835
"288","Summer",33,"stn33_20180726_D_LEII","D",43.596,-78.81633333,"2","W","NDAP",0,0
"289","Summer",33,"stn33_20180801_N_LEII","N",43.59716667,-78.81533333,"2","W","BOSMINID",11304.700592,5625.596722
"290","Summer",33,"stn33_20180801_N_LEII","N",43.59716667,-78.81533333,"2","W","BYTH",18624.76661,120.9577567
"291","Summer",33,"stn33_20180801_N_LEII","N",43.59716667,-78.81533333,"2","W","CALANOID",40939.851702,8182.6861416
"292","Summer",33,"stn33_20180801_N_LEII","N",43.59716667,-78.81533333,"2","W","CERC",573.6233033,89.12676813
"293","Summer",33,"stn33_20180801_N_LEII","N",43.59716667,-78.81533333,"2","W","CYCLOPOID",167874.88006,62904.39971
"294","Summer",33,"stn33_20180801_N_LEII","N",43.59716667,-78.81533333,"2","W","DAPHNID",111922.8155,7671.268257
"295","Summer",33,"stn33_20180801_N_LEII","N",43.59716667,-78.81533333,"2","W","LIMNO",1533742.112504,25059.4763038
"296","Summer",33,"stn33_20180801_N_LEII","N",43.59716667,-78.81533333,"2","W","NDAP",0,0
"297","Summer",34,"stn34_20180727_D_LEII","D",43.4575,-78.75633333,"2","W","BOSMINID",18044.608859,10959.4093818
"298","Summer",34,"stn34_20180727_D_LEII","D",43.4575,-78.75633333,"2","W","BYTH",13711.24035,101.8591636
"299","Summer",34,"stn34_20180727_D_LEII","D",43.4575,-78.75633333,"2","W","CALANOID",259370.01389,41845.017639
"300","Summer",34,"stn34_20180727_D_LEII","D",43.4575,-78.75633333,"2","W","CERC",13919.71211,2431.88753
"301","Summer",34,"stn34_20180727_D_LEII","D",43.4575,-78.75633333,"2","W","CYCLOPOID",89440.16212,42841.327578
"302","Summer",34,"stn34_20180727_D_LEII","D",43.4575,-78.75633333,"2","W","DAPHNID",624666.84624,115571.953506
"303","Summer",34,"stn34_20180727_D_LEII","D",43.4575,-78.75633333,"2","W","LIMNO",516332.414,7970.47955
"304","Summer",34,"stn34_20180727_D_LEII","D",43.4575,-78.75633333,"2","W","NDAP",409.1020548,996.3099438
"305","Summer",34,"stn34_20180731_N_LEII","N",43.4615,-78.75933333,"2","W","BOSMINID",10920.60656,6391.662515
"306","Summer",34,"stn34_20180731_N_LEII","N",43.4615,-78.75933333,"2","W","BYTH",5490.750553,38.19718634
"307","Summer",34,"stn34_20180731_N_LEII","N",43.4615,-78.75933333,"2","W","CALANOID",303319.96349,42611.083431
"308","Summer",34,"stn34_20180731_N_LEII","N",43.4615,-78.75933333,"2","W","CERC",4585.31827,821.2395064
"309","Summer",34,"stn34_20180731_N_LEII","N",43.4615,-78.75933333,"2","W","CYCLOPOID",234582.5217,125702.69609
"310","Summer",34,"stn34_20180731_N_LEII","N",43.4615,-78.75933333,"2","W","DAPHNID",125836.068206,23436.095886
"311","Summer",34,"stn34_20180731_N_LEII","N",43.4615,-78.75933333,"2","W","LIMNO",1571535.13,22370.8188
"312","Summer",34,"stn34_20180731_N_LEII","N",43.4615,-78.75933333,"2","W","NDAP",5961.991624,2130.554172
"313","Early Fall",9,"stn9_20180905_D_Cisco","D",43.586667,-79.395,"1","W","pNAUPLII",4287.606845,41634.78261
"314","Early Fall",9,"stn9_20180905_D_Cisco","D",43.586667,-79.395,"1","W","ROTIFER",2867.60169207,370086.95654
"315","Early Fall",9,"stn9_20180905_D_Cisco","D",43.586667,-79.395,"1","W","VELIGER",68939.97875,242869.5652
"316","Early Fall",12,"stn12_20180905_D_Cisco","D",43.503333,-79.353333,"1","W","pNAUPLII",10031.33789,70120.34384
"317","Early Fall",12,"stn12_20180905_D_Cisco","D",43.503333,-79.353333,"1","W","ROTIFER",4336.7768268,239885.386821
"318","Early Fall",12,"stn12_20180905_D_Cisco","D",43.503333,-79.353333,"1","W","VELIGER",10314.78476,35060.17192
"319","Early Fall",18,"stn18_20180905_D_Cisco","D",43.303333,-79.278333,"1","W","pNAUPLII",3123.017689,12378.2235
"320","Early Fall",18,"stn18_20180905_D_Cisco","D",43.303333,-79.278333,"1","W","ROTIFER",3100.229210619,88194.84241
"321","Early Fall",18,"stn18_20180905_D_Cisco","D",43.303333,-79.278333,"1","W","VELIGER",1480.701548,5415.472779
"322","Early Fall",19,"stn19_20180905_D_Cisco","N",43.383333,-79.285,"1","W","pNAUPLII",3518.762378,19097.4359
"323","Early Fall",19,"stn19_20180905_D_Cisco","N",43.383333,-79.285,"1","W","ROTIFER",6614.03954327,129589.743585
"324","Early Fall",19,"stn19_20180905_D_Cisco","N",43.383333,-79.285,"1","W","VELIGER",7547.01284,17733.33333
"325","Early Fall",33,"stn33_20180925_N_LG","N",43.5964,-78.8144,"2","W","pNAUPLII",23464.70775,263499.119
"326","Early Fall",33,"stn33_20180925_N_LG","N",43.5964,-78.8144,"2","W","ROTIFER",61073.978555,2706854.58602
"327","Early Fall",33,"stn33_20180925_N_LG","N",43.5964,-78.8144,"2","W","VELIGER",87621.22292,179658.4902
"328","Early Fall",34,"stn34_20180926_N_LG","N",43.4611,-78.7594,"2","W","pNAUPLII",10028.14452,98588.74292
"329","Early Fall",34,"stn34_20180926_N_LG","N",43.4611,-78.7594,"2","W","ROTIFER",19927.0224857,1165666.901609
"330","Early Fall",34,"stn34_20180926_N_LG","N",43.4611,-78.7594,"2","W","VELIGER",100047.7442,400154.3095
"331","Early Fall",38,"stn38_20180927_D_LG","D",43.3833,-77.9894,"3","W","pNAUPLII",8145.539784,85968.44026
"332","Early Fall",38,"stn38_20180927_D_LG","D",43.3833,-77.9894,"3","W","ROTIFER",42446.993666,2493084.7671
"333","Early Fall",38,"stn38_20180927_D_LG","D",43.3833,-77.9894,"3","W","VELIGER",65760.58389,208780.4978
"334","Early Fall",39,"stn39_20180927_D_LG","D",43.4861,-78.0003,"3","W","pNAUPLII",5868.8513,66160.56017
"335","Early Fall",39,"stn39_20180927_D_LG","D",43.4861,-78.0003,"3","W","ROTIFER",41197.0898496,2884600.42327
"336","Early Fall",39,"stn39_20180927_D_LG","D",43.4861,-78.0003,"3","W","VELIGER",167425.1754,502820.2573
"337","Early Fall",40,"stn40_20180927_D_LG","D",43.5903,-78.0117,"3","W","pNAUPLII",133003.7248,997290.0541
"338","Early Fall",40,"stn40_20180927_D_LG","D",43.5903,-78.0117,"3","W","ROTIFER",28363.0139073,2185550.54416
"339","Early Fall",40,"stn40_20180927_D_LG","D",43.5903,-78.0117,"3","W","VELIGER",76919.52818,116704.1553
"340","Early Fall",41,"stn41_20180927_D_LG","D",43.7167,-78.0269,"3","W","pNAUPLII",47296.93555,407776.0533
"341","Early Fall",41,"stn41_20180927_D_LG","D",43.7167,-78.0269,"3","W","ROTIFER",216006.1476233,4557497.0659
"342","Early Fall",41,"stn41_20180927_D_LG","D",43.7167,-78.0269,"3","W","VELIGER",93628.97263,239868.2667
"343","Early Fall",55,"stn55_20180927_N_LG","N",43.4439,-77.4389,"4","E","pNAUPLII",71507.05288,617256.1242
"344","Early Fall",55,"stn55_20180927_N_LG","N",43.4439,-77.4389,"4","E","ROTIFER",28971.7946952,2093303.37816
"345","Early Fall",55,"stn55_20180927_N_LG","N",43.4439,-77.4389,"4","E","VELIGER",75251.45367,254953.6165
"346","Early Fall",69,"stn69_20180924_D_LG","D",43.6053,-76.7147,"5","E","pNAUPLII",115114.7032,882079.3547
"347","Early Fall",69,"stn69_20180924_D_LG","D",43.6053,-76.7147,"5","E","ROTIFER",49720.0338507,2102289.12908
"348","Early Fall",69,"stn69_20180924_D_LG","D",43.6053,-76.7147,"5","E","VELIGER",110732.6009,249922.4838
"349","Early Fall",70,"stn70_20180924_D_LG","N",43.5415,-76.617667,"5","E","pNAUPLII",12788.32616,148099.5304
"350","Early Fall",70,"stn70_20180924_D_LG","N",43.5415,-76.617667,"5","E","ROTIFER",49337.238441,3139710.04486
"351","Early Fall",70,"stn70_20180924_D_LG","N",43.5415,-76.617667,"5","E","VELIGER",161349.5936,829357.3703
"352","Early Fall",715,"stn715_20180924_D_LG","D",43.6356,-76.9694,"5","E","pNAUPLII",75684.38205,945312.194
"353","Early Fall",715,"stn715_20180924_D_LG","D",43.6356,-76.9694,"5","E","ROTIFER",31312.1397016,1961522.80242
"354","Early Fall",715,"stn715_20180924_D_LG","D",43.6356,-76.9694,"5","E","VELIGER",154063.9156,401757.6824
"355","Early Spring",12,"stn12_20180409_D_LG","D",43.50348333,-79.35378333,"1","W","pNAUPLII",14881.59406,36954.23106
"356","Early Spring",12,"stn12_20180409_D_LG","D",43.50348333,-79.35378333,"1","W","ROTIFER",3874.29755793,74224.310247
"357","Early Spring",12,"stn12_20180409_D_LG","D",43.50348333,-79.35378333,"1","W","VELIGER",1948.178199,5053.570059
"358","Early Spring",25,"stn25_20180409_D_LG","N",43.51655,-79.08008333,"GLISP","W","pNAUPLII",10839.54825,53214.49809
"359","Early Spring",25,"stn25_20180409_D_LG","N",43.51655,-79.08008333,"GLISP","W","ROTIFER",1409.206947828,25479.8232412
"360","Early Spring",25,"stn25_20180409_D_LG","N",43.51655,-79.08008333,"GLISP","W","VELIGER",1510.531711,11950.71355
"361","Early Spring",33,"stn33_20180410_N_LG","N",43.59451833,-78.8019,"2","W","pNAUPLII",10227.44762,56262.70721
"362","Early Spring",33,"stn33_20180410_N_LG","N",43.59451833,-78.8019,"2","W","ROTIFER",1249.185231946,28983.8188668
"363","Early Spring",33,"stn33_20180410_N_LG","N",43.59451833,-78.8019,"2","W","VELIGER",1848.911679,16859.86849
"364","Early Spring",41,"stn41_20180410_D_LG","D",43.717,-78.02658333,"3","W","pNAUPLII",6554.063243,53047.62218
"365","Early Spring",41,"stn41_20180410_D_LG","D",43.717,-78.02658333,"3","W","ROTIFER",1766.36032522,27802.0670481
"366","Early Spring",41,"stn41_20180410_D_LG","D",43.717,-78.02658333,"3","W","VELIGER",3143.82931,13102.12355
"367","Early Spring",49,"stn49_20180410_D_LG","D",43.77221667,-77.43795,"4","E","pNAUPLII",947.5057328,9916.656158
"368","Early Spring",49,"stn49_20180410_D_LG","D",43.77221667,-77.43795,"4","E","ROTIFER",20.416343131,722.40541546
"369","Early Spring",49,"stn49_20180410_D_LG","D",43.77221667,-77.43795,"4","E","VELIGER",31.88386404,65.67321959
"370","Early Spring",55,"stn55_20180411_D_LG","D",43.44381667,-77.44155,"4","E","pNAUPLII",1918.916158,9794.150344
"371","Early Spring",55,"stn55_20180411_D_LG","D",43.44381667,-77.44155,"4","E","ROTIFER",2445.945251681,55025.3173882
"372","Early Spring",55,"stn55_20180411_D_LG","D",43.44381667,-77.44155,"4","E","VELIGER",1225.785048,8013.395736
"373","Early Spring",60,"stn60_20180411_D_LG","D",43.57765167,-77.195905,"GLISP","E","pNAUPLII",2776.726927,9176.667902
"374","Early Spring",60,"stn60_20180411_D_LG","D",43.57765167,-77.195905,"GLISP","E","ROTIFER",1633.880384033,30268.20299981
"375","Early Spring",60,"stn60_20180411_D_LG","D",43.57765167,-77.195905,"GLISP","E","VELIGER",1366.966248,3034.220839
"376","Early Spring",63,"stn63_20180410_D_LG","D",43.73185,-77.0176,"5","E","pNAUPLII",180.370457,2495.526939
"377","Early Spring",63,"stn63_20180410_D_LG","D",43.73185,-77.0176,"5","E","ROTIFER",31.653473178,918.35391368
"378","Early Spring",63,"stn63_20180410_D_LG","D",43.73185,-77.0176,"5","E","VELIGER",31.88816782,99.82107758
"379","Early Summer",9,"stn9_20180620_D_Cisco","D",43.586667,-79.395,"1","W","pNAUPLII",25663.62094,325500
"380","Early Summer",9,"stn9_20180620_D_Cisco","D",43.586667,-79.395,"1","W","ROTIFER",30504.0510632,1547000
"381","Early Summer",9,"stn9_20180620_D_Cisco","D",43.586667,-79.395,"1","W","VELIGER",474670.1925,1676500
"382","Early Summer",12,"stn12_20180620_D_Cisco","D",43.503333,-79.353333,"1","W","pNAUPLII",27322.78349,313707.8947
"383","Early Summer",12,"stn12_20180620_D_Cisco","D",43.503333,-79.353333,"1","W","ROTIFER",22416.45782668,1117315.789493
"384","Early Summer",12,"stn12_20180620_D_Cisco","D",43.503333,-79.353333,"1","W","VELIGER",122959.3909,416844.7368
"385","Early Summer",18,"stn18_20180620_D_Cisco","D",43.303333,-79.278333,"1","W","pNAUPLII",220297.77,1447591.241
"386","Early Summer",18,"stn18_20180620_D_Cisco","D",43.303333,-79.278333,"1","W","ROTIFER",11082.5984685,850948.905096
"387","Early Summer",18,"stn18_20180620_D_Cisco","D",43.303333,-79.278333,"1","W","VELIGER",164291.8379,704233.5766
"388","Early Summer",19,"stn19_20180620_D_Cisco","D",43.383333,-79.285,"1","W","pNAUPLII",81082.53409,881681.4159
"389","Early Summer",19,"stn19_20180620_D_Cisco","D",43.383333,-79.285,"1","W","ROTIFER",6458.506762,451592.92041
"390","Early Summer",19,"stn19_20180620_D_Cisco","D",43.383333,-79.285,"1","W","VELIGER",122064.7985,530442.4779
"391","Early Summer",27,"stn27_20180619_D_LG","D",43.68971667,-78.82913333,"2","W","pNAUPLII",82224.43787,789088.2059
"392","Early Summer",27,"stn27_20180619_D_LG","D",43.68971667,-78.82913333,"2","W","ROTIFER",2978.599544343,158492.07558
"393","Early Summer",27,"stn27_20180619_D_LG","D",43.68971667,-78.82913333,"2","W","VELIGER",7149.07196,37093.89002
"394","Early Summer",28,"stn28_20180619_D_LG","D",43.77431667,-78.85661667,"2","W","pNAUPLII",12995.49109,99858.04016
"395","Early Summer",28,"stn28_20180619_D_LG","D",43.77431667,-78.85661667,"2","W","ROTIFER",7312.40717667,645748.659687
"396","Early Summer",28,"stn28_20180619_D_LG","D",43.77431667,-78.85661667,"2","W","VELIGER",52643.18404,176415.8709
"397","Early Summer",29,"stn29_20180619_D_LG","D",43.81798333,-78.87075,"2","W","pNAUPLII",6331.22191,76256.69479
"398","Early Summer",29,"stn29_20180619_D_LG","D",43.81798333,-78.87075,"2","W","ROTIFER",1645.388832379,154502.6947008
"399","Early Summer",29,"stn29_20180619_D_LG","D",43.81798333,-78.87075,"2","W","VELIGER",15842.43443,72941.18632
"400","Early Summer",33,"stn33_20180618_N_LG","N",43.5959,-78.81518333,"2","W","pNAUPLII",84276.95617,407122.2742
"401","Early Summer",33,"stn33_20180618_N_LG","N",43.5959,-78.81518333,"2","W","ROTIFER",2106.11403238,134240.317408
"402","Early Summer",33,"stn33_20180618_N_LG","N",43.5959,-78.81518333,"2","W","VELIGER",36624.70775,107832.3861
"403","Early Summer",33,"stn33_20180619_D_LG","D",43.59638333,-78.81388333,"2","W","pNAUPLII",75443.69138,579878.3103
"404","Early Summer",33,"stn33_20180619_D_LG","D",43.59638333,-78.81388333,"2","W","ROTIFER",8420.54640688,691531.897995
"405","Early Summer",33,"stn33_20180619_D_LG","D",43.59638333,-78.81388333,"2","W","VELIGER",29889.67345,118857.045
"406","Early Summer",34,"stn34_20180619_D_LG","D",43.46465,-78.752805,"2","W","pNAUPLII",39193.74056,348238.684
"407","Early Summer",34,"stn34_20180619_D_LG","D",43.46465,-78.752805,"2","W","ROTIFER",2168.54137211,215358.133487
"408","Early Summer",34,"stn34_20180619_D_LG","D",43.46465,-78.752805,"2","W","VELIGER",15404.67773,73313.40715
"409","Early Summer",35,"stn35_20180619_D_LG","D",43.36341667,-78.72616667,"2","W","pNAUPLII",65098.04267,588428.3903
"410","Early Summer",35,"stn35_20180619_D_LG","D",43.36341667,-78.72616667,"2","W","ROTIFER",54845.285347,2022722.5914
"411","Early Summer",35,"stn35_20180619_D_LG","D",43.36341667,-78.72616667,"2","W","VELIGER",210047.1143,1017490.758
"412","Early Summer",38,"stn38_20180620_D_LG","D",43.3837,-77.99106667,"3","W","pNAUPLII",18798.59486,174494.5827
"413","Early Summer",38,"stn38_20180620_D_LG","D",43.3837,-77.99106667,"3","W","ROTIFER",77492.998694,2056543.2958
"414","Early Summer",38,"stn38_20180620_D_LG","D",43.3837,-77.99106667,"3","W","VELIGER",46143.52622,261741.874
"415","Early Summer",39,"stn39_20180620_D_LG","D",43.48628333,-78.00055,"3","W","pNAUPLII",82302.93954,413724.8814
"416","Early Summer",39,"stn39_20180620_D_LG","D",43.48628333,-78.00055,"3","W","ROTIFER",8539.508674,554476.6452
"417","Early Summer",39,"stn39_20180620_D_LG","D",43.48628333,-78.00055,"3","W","VELIGER",8116.417154,21326.02481
"418","Early Summer",40,"stn40_20180620_D_LG","D",43.58986667,-78.01195,"3","W","pNAUPLII",219925.6342,1739169.273
"419","Early Summer",40,"stn40_20180620_D_LG","D",43.58986667,-78.01195,"3","W","ROTIFER",9322.8104202,751492.8959
"420","Early Summer",40,"stn40_20180620_D_LG","D",43.58986667,-78.01195,"3","W","VELIGER",6426.573646,42942.45119
"421","Early Summer",41,"stn41_20180620_D_LG","D",43.715785,-78.02808833,"3","W","pNAUPLII",155809.8203,1486680.013
"422","Early Summer",41,"stn41_20180620_D_LG","D",43.715785,-78.02808833,"3","W","ROTIFER",33196.05849586,1281283.43214
"423","Early Summer",41,"stn41_20180620_D_LG","D",43.715785,-78.02808833,"3","W","VELIGER",124610.4342,391231.5823
"424","Early Summer",42,"stn42_20180620_D_LG","D",43.83906667,-78.03611667,"3","W","pNAUPLII",9807.254591,216731.4779
"425","Early Summer",42,"stn42_20180620_D_LG","D",43.83906667,-78.03611667,"3","W","ROTIFER",15329.24773627,1264266.95373
"426","Early Summer",42,"stn42_20180620_D_LG","D",43.83906667,-78.03611667,"3","W","VELIGER",173678.5474,674275.7089
"427","Early Summer",43,"stn43_20180620_D_LG","D",43.9496,-78.04975333,"3","W","pNAUPLII",86.06415318,3171.087168
"428","Early Summer",43,"stn43_20180620_D_LG","D",43.9496,-78.04975333,"3","W","ROTIFER",9069.959459,436024.4856
"429","Early Summer",43,"stn43_20180620_D_LG","D",43.9496,-78.04975333,"3","W","VELIGER",89394.72475,508959.4905
"430","Early Summer",48,"stn48_20180622_D_LG","D",43.879935,-77.44046667,"4","E","pNAUPLII",1403.477886,33824.92979
"431","Early Summer",48,"stn48_20180622_D_LG","D",43.879935,-77.44046667,"4","E","ROTIFER",117331.61638286,1888558.57959
"432","Early Summer",48,"stn48_20180622_D_LG","D",43.879935,-77.44046667,"4","E","VELIGER",145133.0507,670861.1075
"433","Early Summer",49,"stn49_20180622_D_LG","D",43.77098333,-77.42478333,"4","E","pNAUPLII",10420.06862,194090.8412
"434","Early Summer",49,"stn49_20180622_D_LG","D",43.77098333,-77.42478333,"4","E","ROTIFER",201820.5528939,2872544.45057
"435","Early Summer",49,"stn49_20180622_D_LG","D",43.77098333,-77.42478333,"4","E","VELIGER",107182.606,414060.4613
"436","Early Summer",55,"stn55_20180620_D_LG","D",43.443,-77.43803333,"4","E","pNAUPLII",281497.2743,1353812.531
"437","Early Summer",55,"stn55_20180620_D_LG","D",43.443,-77.43803333,"4","E","ROTIFER",2093.45219306,96210.027577
"438","Early Summer",55,"stn55_20180620_D_LG","D",43.443,-77.43803333,"4","E","VELIGER",890.1162608,6872.144827
"439","Early Summer",58,"stn58_20180620_D_LG","D",43.32793333,-77.4379,"4","E","pNAUPLII",184929.0265,1267214.632
"440","Early Summer",58,"stn58_20180620_D_LG","D",43.32793333,-77.4379,"4","E","ROTIFER",103046.5711177,3234234.35872
"441","Early Summer",58,"stn58_20180620_D_LG","D",43.32793333,-77.4379,"4","E","VELIGER",39669.91512,170222.861
"442","Early Summer",62,"stn62_20180621_D_LG","D",43.82815,-76.99186667,"5","E","pNAUPLII",239867.1065,939902.5491
"443","Early Summer",62,"stn62_20180621_D_LG","D",43.82815,-76.99186667,"5","E","ROTIFER",46665.06302,899476.63305
"444","Early Summer",62,"stn62_20180621_D_LG","D",43.82815,-76.99186667,"5","E","VELIGER",11217.98786,50532.39511
"445","Early Summer",63,"stn63_20180621_D_LG","D",43.73246667,-77.01631667,"5","E","pNAUPLII",17803.18029,177446.7695
"446","Early Summer",63,"stn63_20180621_D_LG","D",43.73246667,-77.01631667,"5","E","ROTIFER",62886.3639901,1211533.116262
"447","Early Summer",63,"stn63_20180621_D_LG","D",43.73246667,-77.01631667,"5","E","VELIGER",108131.5164,562934.5792
"448","Early Summer",69,"stn69_20180621_D_LG","D",43.59906833,-76.710005,"5","E","pNAUPLII",128901.9833,1017139.555
"449","Early Summer",69,"stn69_20180621_D_LG","D",43.59906833,-76.710005,"5","E","ROTIFER",14647.8475989,386317.42737
"450","Early Summer",69,"stn69_20180621_D_LG","D",43.59906833,-76.710005,"5","E","VELIGER",6973.062656,24450.47008
"451","Early Summer",69,"stn69_20180621_N_LG","D",43.59906833,-76.710005,"5","E","pNAUPLII",165970.1662,1141942.942
"452","Early Summer",69,"stn69_20180621_N_LG","D",43.59906833,-76.710005,"5","E","ROTIFER",23416.3914421,774068.70575
"453","Early Summer",69,"stn69_20180621_N_LG","D",43.59906833,-76.710005,"5","E","VELIGER",4925.345776,30656.18637
"454","Early Summer",70,"stn70_20180621_D_LG","D",43.54175167,-76.62152,"5","E","pNAUPLII",304908.3306,1576844.589
"455","Early Summer",70,"stn70_20180621_D_LG","D",43.54175167,-76.62152,"5","E","ROTIFER",6971.98448074,159009.53837
"456","Early Summer",70,"stn70_20180621_D_LG","D",43.54175167,-76.62152,"5","E","VELIGER",3241.252207,19876.1923
"457","Early Summer",71,"stn71_20180621_D_LG","D",43.48515,-76.52046667,"5","E","pNAUPLII",7480.949792,33481.73854
"458","Early Summer",71,"stn71_20180621_D_LG","D",43.48515,-76.52046667,"5","E","ROTIFER",47716.0173345,937488.679142
"459","Early Summer",71,"stn71_20180621_D_LG","D",43.48515,-76.52046667,"5","E","VELIGER",6061.519743,22321.15903
"460","Early Summer",715,"stn715_20180620_N_LG","N",43.63643333,-76.96826667,"5","E","pNAUPLII",78533.01703,500125.7476
"461","Early Summer",715,"stn715_20180620_N_LG","N",43.63643333,-76.96826667,"5","E","ROTIFER",35103.0754113,634418.77244
"462","Early Summer",715,"stn715_20180620_N_LG","N",43.63643333,-76.96826667,"5","E","VELIGER",11635.69604,46307.9396
"463","Early Summer",715,"stn715_20180621_D_LG","D",43.63643333,-76.96826667,"5","E","pNAUPLII",109930.8274,641584.6058
"464","Early Summer",715,"stn715_20180621_D_LG","D",43.63643333,-76.96826667,"5","E","ROTIFER",58472.3276942,1980062.83484
"465","Early Summer",715,"stn715_20180621_D_LG","D",43.63643333,-76.96826667,"5","E","VELIGER",63611.82698,309730.4994
"466","Early Summer",716,"stn716_20180622_D_LG","D",43.443,-77.43803333,"4","E","pNAUPLII",218115.7851,1620298.915
"467","Early Summer",716,"stn716_20180622_D_LG","D",43.443,-77.43803333,"4","E","ROTIFER",17134.42396927,444275.508989
"468","Early Summer",716,"stn716_20180622_D_LG","D",43.443,-77.43803333,"4","E","VELIGER",4352.715021,26133.85347
"469","Early Summer",717,"stn717_20180620_D_LG","D",43.30003333,-77.43335,"4","E","pNAUPLII",73870.28919,486173.5742
"470","Early Summer",717,"stn717_20180620_D_LG","D",43.30003333,-77.43335,"4","E","ROTIFER",8751.155189,871196.9417
"471","Early Summer",717,"stn717_20180620_D_LG","D",43.30003333,-77.43335,"4","E","VELIGER",64437.90401,261032.7915
"472","Late Fall",9,"stn9_20181003_D_Cisco","D",43.586667,-79.395,"1","W","pNAUPLII",116898.4288,800470.5882
"473","Late Fall",9,"stn9_20181003_D_Cisco","D",43.586667,-79.395,"1","W","ROTIFER",16897.9071106,1669947.26137
"474","Late Fall",9,"stn9_20181003_D_Cisco","D",43.586667,-79.395,"1","W","VELIGER",666139.908,676259.6349
"475","Late Fall",12,"stn12_20181003_D_Cisco","D",43.503333,-79.353333,"1","W","pNAUPLII",24867.04246,292774.5303
"476","Late Fall",12,"stn12_20181003_D_Cisco","D",43.503333,-79.353333,"1","W","ROTIFER",12499.1726951,830327.766167
"477","Late Fall",12,"stn12_20181003_D_Cisco","D",43.503333,-79.353333,"1","W","VELIGER",283354.6543,254377.8706
"478","Late Fall",18,"stn18_20181003_D_Cisco","D",43.303333,-79.278333,"1","W","pNAUPLII",4676.020697,57632.86004
"479","Late Fall",18,"stn18_20181003_D_Cisco","D",43.303333,-79.278333,"1","W","ROTIFER",3379.61643614,257239.350954
"480","Late Fall",18,"stn18_20181003_D_Cisco","D",43.303333,-79.278333,"1","W","VELIGER",348300.558,413269.7769
"481","Late Fall",19,"stn19_20181003_D_Cisco","D",43.383333,-79.285,"1","W","pNAUPLII",8094.072042,91211.13689
"482","Late Fall",19,"stn19_20181003_D_Cisco","D",43.383333,-79.285,"1","W","ROTIFER",2747.15919721,383846.867717
"483","Late Fall",19,"stn19_20181003_D_Cisco","D",43.383333,-79.285,"1","W","VELIGER",410640.2741,440853.8283
"484","Late Spring",9,"stn9_20180524_D_LJ","D",43.586667,-79.395,"1","W","pNAUPLII",31229.73068,172625.3687
"485","Late Spring",9,"stn9_20180524_D_LJ","D",43.586667,-79.395,"1","W","ROTIFER",23493.76924109,1522802.35996
"486","Late Spring",9,"stn9_20180524_D_LJ","D",43.586667,-79.395,"1","W","VELIGER",185467.1571,1239203.54
"487","Late Spring",12,"stn12_20180524_D_LJ","D",43.503333,-79.353333,"1","W","pNAUPLII",13734.13404,128425.8211
"488","Late Spring",12,"stn12_20180524_D_LJ","D",43.503333,-79.353333,"1","W","ROTIFER",9263.05589363,501812.00452
"489","Late Spring",12,"stn12_20180524_D_LJ","D",43.503333,-79.353333,"1","W","VELIGER",15138.73218,97508.49377
"490","Late Spring",18,"stn18_20180524_D_LJ","D",43.303333,-79.278333,"1","W","pNAUPLII",52851.56668,440403.0227
"491","Late Spring",18,"stn18_20180524_D_LJ","D",43.303333,-79.278333,"1","W","ROTIFER",16758.7282428,796473.551678
"492","Late Spring",18,"stn18_20180524_D_LJ","D",43.303333,-79.278333,"1","W","VELIGER",41140.28501,262367.7582
"493","Late Spring",19,"stn19_20180524_D_LJ","D",43.383333,-79.285,"1","W","pNAUPLII",32539.17685,499908.6758
"494","Late Spring",19,"stn19_20180524_D_LJ","D",43.383333,-79.285,"1","W","ROTIFER",24727.8457575,1275129.375812
"495","Late Spring",19,"stn19_20180524_D_LJ","D",43.383333,-79.285,"1","W","VELIGER",49104.32725,326027.3973
"496","Late Spring",27,"stn27_20180521_D_LG","D",43.68651833,-78.82731167,"2","W","pNAUPLII",5517.005805,34760.79741
"497","Late Spring",27,"stn27_20180521_D_LG","D",43.68651833,-78.82731167,"2","W","ROTIFER",8098.520375739,198788.310238
"498","Late Spring",27,"stn27_20180521_D_LG","D",43.68651833,-78.82731167,"2","W","VELIGER",1765.220687,14121.57395
"499","Late Spring",28,"stn28_20180521_D_LG","D",43.77628333,-78.86028667,"2","W","pNAUPLII",9563.285827,49273.99411
"500","Late Spring",28,"stn28_20180521_D_LG","D",43.77628333,-78.86028667,"2","W","ROTIFER",10598.315691928,209414.474944
"501","Late Spring",28,"stn28_20180521_D_LG","D",43.77628333,-78.86028667,"2","W","VELIGER",1829.334661,12318.49853
"502","Late Spring",29,"stn29_20180521_D_LG","D",43.81958333,-78.8737,"2","W","pNAUPLII",10058.41666,57007.49886
"503","Late Spring",29,"stn29_20180521_D_LG","D",43.81958333,-78.8737,"2","W","ROTIFER",2151.552691147,44395.220351
"504","Late Spring",29,"stn29_20180521_D_LG","D",43.81958333,-78.8737,"2","W","VELIGER",7982.014196,60034.4457
"505","Late Spring",33,"stn33_20180521_D_LG","D",43.59703333,-78.81426667,"2","W","pNAUPLII",72089.19656,66464.70579
"506","Late Spring",33,"stn33_20180521_D_LG","D",43.59703333,-78.81426667,"2","W","ROTIFER",3746.646747399,70355.322717
"507","Late Spring",33,"stn33_20180521_D_LG","D",43.59703333,-78.81426667,"2","W","VELIGER",3540.288215,25289.01001
"508","Late Spring",33,"stn33_20180522_N_LG","N",43.60321667,-78.81972,"2","W","pNAUPLII",21243.76007,97418.97883
"509","Late Spring",33,"stn33_20180522_N_LG","N",43.60321667,-78.81972,"2","W","ROTIFER",547.8449869,19586.88463
"510","Late Spring",33,"stn33_20180522_N_LG","N",43.60321667,-78.81972,"2","W","VELIGER",2683.317993,19071.4403
"511","Late Spring",34,"stn34_20180521_D_LG","D",43.4622,-78.76003333,"2","W","pNAUPLII",84232.59171,735574.29
"512","Late Spring",34,"stn34_20180521_D_LG","D",43.4622,-78.76003333,"2","W","ROTIFER",27107.12414267,668090.410164
"513","Late Spring",34,"stn34_20180521_D_LG","D",43.4622,-78.76003333,"2","W","VELIGER",22819.65754,161961.3116
"514","Late Spring",34,"stn34_20180521_N_LG","N",43.460835,-78.75971667,"2","W","pNAUPLII",85074.44206,626436.1998
"515","Late Spring",34,"stn34_20180521_N_LG","N",43.460835,-78.75971667,"2","W","ROTIFER",9856.3715911,413608.516465
"516","Late Spring",34,"stn34_20180521_N_LG","N",43.460835,-78.75971667,"2","W","VELIGER",26120.93243,192749.5999
"517","Late Spring",35,"stn35_20180521_D_LG","D",43.36216667,-78.72908333,"2","W","pNAUPLII",14572.66051,130936.8224
"518","Late Spring",35,"stn35_20180521_D_LG","D",43.36216667,-78.72908333,"2","W","ROTIFER",771.924894396,20300.2825375
"519","Late Spring",35,"stn35_20180521_D_LG","D",43.36216667,-78.72908333,"2","W","VELIGER",5840.146308,47198.1569
"520","Late Spring",38,"stn38_20180522_D_LG","D",43.38413333,-77.98848333,"3","W","pNAUPLII",1841.275487,21381.39387
"521","Late Spring",38,"stn38_20180522_D_LG","D",43.38413333,-77.98848333,"3","W","ROTIFER",431.702243837,11378.4025879
"522","Late Spring",38,"stn38_20180522_D_LG","D",43.38413333,-77.98848333,"3","W","VELIGER",322.3238683,2000.598257
"523","Late Spring",39,"stn39_20180522_D_LG","D",43.48628333,-78.0005,"3","W","pNAUPLII",31170.47981,351741.6169
"524","Late Spring",39,"stn39_20180522_D_LG","D",43.48628333,-78.0005,"3","W","ROTIFER",10598.99221,265296.6432
"525","Late Spring",39,"stn39_20180522_D_LG","D",43.48628333,-78.0005,"3","W","VELIGER",5231.528454,38751.19508
"526","Late Spring",40,"stn40_20180522_D_LG","D",43.59001667,-78.01153333,"3","W","pNAUPLII",18800.71976,142645.5373
"527","Late Spring",40,"stn40_20180522_D_LG","D",43.59001667,-78.01153333,"3","W","ROTIFER",3081.427749135,87124.8191637
"528","Late Spring",40,"stn40_20180522_D_LG","D",43.59001667,-78.01153333,"3","W","VELIGER",2164.554543,15374.96809
"529","Late Spring",41,"stn41_20180522_D_LG","D",43.71656667,-78.02598333,"3","W","pNAUPLII",24127.44472,136738.421
"530","Late Spring",41,"stn41_20180522_D_LG","D",43.71656667,-78.02598333,"3","W","ROTIFER",6119.314386,300506.5299
"531","Late Spring",41,"stn41_20180522_D_LG","D",43.71656667,-78.02598333,"3","W","VELIGER",1189.540701,9539.889837
"532","Late Spring",42,"stn42_20180522_D_LG","D",43.83976667,-78.0366,"3","W","pNAUPLII",3590.446643,33648.92006
"533","Late Spring",42,"stn42_20180522_D_LG","D",43.83976667,-78.0366,"3","W","ROTIFER",8708.061939,238234.354
"534","Late Spring",42,"stn42_20180522_D_LG","D",43.83976667,-78.0366,"3","W","VELIGER",745.8885367,5383.827209
"535","Late Spring",43,"stn43_20180522_D_LG","D",43.95098667,-78.04831833,"3","W","pNAUPLII",40307.63439,262881.9251
"536","Late Spring",43,"stn43_20180522_D_LG","D",43.95098667,-78.04831833,"3","W","ROTIFER",1234.802883765,64959.240166
"537","Late Spring",43,"stn43_20180522_D_LG","D",43.95098667,-78.04831833,"3","W","VELIGER",31978.07707,234462.2575
"538","Late Spring",48,"stn48_20180524_D_LG","D",43.881985,-77.43742167,"4","E","pNAUPLII",150578.7938,119355.221
"539","Late Spring",48,"stn48_20180524_D_LG","D",43.881985,-77.43742167,"4","E","ROTIFER",3214.653811,70751.80627
"540","Late Spring",48,"stn48_20180524_D_LG","D",43.881985,-77.43742167,"4","E","VELIGER",42789.76924,324843.0757
"541","Late Spring",49,"stn49_20180524_D_LG","D",43.77145167,-77.43761833,"4","E","pNAUPLII",36061.66669,110231.3142
"542","Late Spring",49,"stn49_20180524_D_LG","D",43.77145167,-77.43761833,"4","E","ROTIFER",1760.483212691,40258.393
"543","Late Spring",49,"stn49_20180524_D_LG","D",43.77145167,-77.43761833,"4","E","VELIGER",1140.386464,8626.7985
"544","Late Spring",55,"stn55_20180524_D_LG","D",43.4439,-77.43883333,"4","E","pNAUPLII",6901.599236,138148.6103
"545","Late Spring",55,"stn55_20180524_D_LG","D",43.4439,-77.43883333,"4","E","ROTIFER",984.69166115,21962.0867719
"546","Late Spring",55,"stn55_20180524_D_LG","D",43.4439,-77.43883333,"4","E","VELIGER",1843.973274,8501.452942
"547","Late Spring",58,"stn58_20180524_D_LG","D",43.3281,-77.43873333,"4","E","pNAUPLII",25578.32272,362554.1717
"548","Late Spring",58,"stn58_20180524_D_LG","D",43.3281,-77.43873333,"4","E","ROTIFER",7768.572020767,294246.864029
"549","Late Spring",58,"stn58_20180524_D_LG","D",43.3281,-77.43873333,"4","E","VELIGER",15476.92749,63052.89943
"550","Late Spring",62,"stn62_20180523_D_LG","D",43.82793333,-76.99306667,"5","E","pNAUPLII",13208.84662,96767.19606
"551","Late Spring",62,"stn62_20180523_D_LG","D",43.82793333,-76.99306667,"5","E","ROTIFER",12335.88325311,481220.650669
"552","Late Spring",62,"stn62_20180523_D_LG","D",43.82793333,-76.99306667,"5","E","VELIGER",20814.62091,206611.0402
"553","Late Spring",63,"stn63_20180523_D_LG","D",43.73163333,-77.00165333,"5","E","pNAUPLII",4338.043263,34166.59575
"554","Late Spring",63,"stn63_20180523_D_LG","D",43.73163333,-77.00165333,"5","E","ROTIFER",12992.96357591,283686.279886
"555","Late Spring",63,"stn63_20180523_D_LG","D",43.73163333,-77.00165333,"5","E","VELIGER",146.3669314,1035.351386
"556","Late Spring",69,"stn69_20180523_D_LG","D",43.60028333,-76.70981667,"5","E","pNAUPLII",7587.829554,90678.75524
"557","Late Spring",69,"stn69_20180523_D_LG","D",43.60028333,-76.70981667,"5","E","ROTIFER",454.908391876,23443.775744
"558","Late Spring",69,"stn69_20180523_D_LG","D",43.60028333,-76.70981667,"5","E","VELIGER",2934.490765,20789.7634
"559","Late Spring",69,"stn69_20180523_N_LG","N",43.59818333,-76.710135,"5","E","pNAUPLII",8933.270677,106759.2531
"560","Late Spring",69,"stn69_20180523_N_LG","N",43.59818333,-76.710135,"5","E","ROTIFER",478.656477306,11517.5957729
"561","Late Spring",69,"stn69_20180523_N_LG","N",43.59818333,-76.710135,"5","E","VELIGER",1175.09705,7973.720152
"562","Late Spring",70,"stn70_20180523_D_LG","D",44.54013333,-76.611315,"5","E","pNAUPLII",16323.37184,192096.6601
"563","Late Spring",70,"stn70_20180523_D_LG","D",44.54013333,-76.611315,"5","E","ROTIFER",1401.148238,25790.75529
"564","Late Spring",70,"stn70_20180523_D_LG","D",44.54013333,-76.611315,"5","E","VELIGER",2268.344622,16008.05501
"565","Late Spring",71,"stn71_20180523_D_LG","D",43.4779,-76.52503667,"5","E","pNAUPLII",2118.701928,17183.78786
"566","Late Spring",71,"stn71_20180523_D_LG","D",43.4779,-76.52503667,"5","E","ROTIFER",148.334156571,9665.8806722
"567","Late Spring",71,"stn71_20180523_D_LG","D",43.4779,-76.52503667,"5","E","VELIGER",304.5629271,2684.966853
"568","Late Spring",715,"stn715_20180522_N_LG","N",43.63547,-76.97046667,"5","E","pNAUPLII",4502.909727,61343.82299
"569","Late Spring",715,"stn715_20180522_N_LG","N",43.63547,-76.97046667,"5","E","ROTIFER",6007.957968776,111534.2236039
"570","Late Spring",715,"stn715_20180522_N_LG","N",43.63547,-76.97046667,"5","E","VELIGER",2085.382007,4780.038155
"571","Late Spring",715,"stn715_20180523_D_LG","D",43.6358,-76.96956667,"5","E","pNAUPLII",5072.788775,72541.20973
"572","Late Spring",715,"stn715_20180523_D_LG","D",43.6358,-76.96956667,"5","E","ROTIFER",1205.912033525,59351.8988628
"573","Late Spring",715,"stn715_20180523_D_LG","D",43.6358,-76.96956667,"5","E","VELIGER",2995.910672,7065.702246
"574","Late Spring",716,"stn716_20180524_D_LG","D",43.60015,-77.43985,"4","E","pNAUPLII",6792.344371,79367.56422
"575","Late Spring",716,"stn716_20180524_D_LG","D",43.60015,-77.43985,"4","E","ROTIFER",1373.52792341,49835.4473058
"576","Late Spring",716,"stn716_20180524_D_LG","D",43.60015,-77.43985,"4","E","VELIGER",1753.704707,6767.776794
"577","Late Spring",717,"stn717_20180524_D_LG","D",43.30005,-77.43926667,"4","E","pNAUPLII",5864.540765,95466.41369
"578","Late Spring",717,"stn717_20180524_D_LG","D",43.30005,-77.43926667,"4","E","ROTIFER",1025.14265074,56745.770378
"579","Late Spring",717,"stn717_20180524_D_LG","D",43.30005,-77.43926667,"4","E","VELIGER",700.9184739,4673.18109
"580","Late Summer",12,"stn12_20180813_N_LG","N",43.503185,-79.35308333,"1","W","pNAUPLII",50856.03614,706729.8239
"581","Late Summer",12,"stn12_20180813_N_LG","N",43.503185,-79.35308333,"1","W","ROTIFER",72124.92512706,5097021.15356
"582","Late Summer",12,"stn12_20180813_N_LG","N",43.503185,-79.35308333,"1","W","VELIGER",148667.9166,792394.0449
"583","Late Summer",25,"stn25_20180814_N_LG","N",43.51758667,-79.08051833,"GLISP","W","pNAUPLII",54602.80147,454853.8512
"584","Late Summer",25,"stn25_20180814_N_LG","N",43.51758667,-79.08051833,"GLISP","W","ROTIFER",80628.83892595,3407793.931978
"585","Late Summer",25,"stn25_20180814_N_LG","N",43.51758667,-79.08051833,"GLISP","W","VELIGER",443942.1782,606471.8015
"586","Late Summer",33,"stn33_20180814_D_LG","D",43.59595,-78.8145,"2","W","pNAUPLII",25780.12966,274003.9979
"587","Late Summer",33,"stn33_20180814_D_LG","D",43.59595,-78.8145,"2","W","ROTIFER",217071.22521749,5093983.41622
"588","Late Summer",33,"stn33_20180814_D_LG","D",43.59595,-78.8145,"2","W","VELIGER",176715.5994,298913.4523
"589","Late Summer",41,"stn41_20180814_D_LG","D",43.71650333,-78.027165,"3","W","pNAUPLII",88800.08051,1010807.431
"590","Late Summer",41,"stn41_20180814_D_LG","D",43.71650333,-78.027165,"3","W","ROTIFER",205026.0106366,8270242.62035
"591","Late Summer",41,"stn41_20180814_D_LG","D",43.71650333,-78.027165,"3","W","VELIGER",5448.233628,36756.63387
"592","Late Summer",49,"stn49_20180815_N_LG","N",43.77025,-77.43955,"4","E","pNAUPLII",108907.1275,1694374.5
"593","Late Summer",49,"stn49_20180815_N_LG","N",43.77025,-77.43955,"4","E","ROTIFER",164783.1556995,7991378.23982
"594","Late Summer",49,"stn49_20180815_N_LG","N",43.77025,-77.43955,"4","E","VELIGER",7721.408935,25289.17165
"595","Late Summer",55,"stn55_20180815_D_LG","D",43.44361667,-77.438335,"4","E","pNAUPLII",35871.45135,318456.2356
"596","Late Summer",55,"stn55_20180815_D_LG","D",43.44361667,-77.438335,"4","E","ROTIFER",129979.84059129,6185399.96029
"597","Late Summer",55,"stn55_20180815_D_LG","D",43.44361667,-77.438335,"4","E","VELIGER",40535.13217,171476.4345
"598","Late Summer",60,"stn60_20180815_D_LG","D",43.579985,-77.199715,"GLISP","E","pNAUPLII",117078.2781,1071462.272
"599","Late Summer",60,"stn60_20180815_D_LG","D",43.579985,-77.199715,"GLISP","E","ROTIFER",266555.98414765,8214544.0893
"600","Late Summer",60,"stn60_20180815_D_LG","D",43.579985,-77.199715,"GLISP","E","VELIGER",267535.6775,333343.8181
"601","Late Summer",63,"stn63_20180815_N_LG","D",43.73126667,-77.017835,"5","E","pNAUPLII",207167.0746,1834034.52
"602","Late Summer",63,"stn63_20180815_N_LG","D",43.73126667,-77.017835,"5","E","ROTIFER",170953.3822023,7982416.91294
"603","Late Summer",63,"stn63_20180815_N_LG","D",43.73126667,-77.017835,"5","E","VELIGER",4399.248236,17466.99543
"604","Summer",8,"stn8_20180725_D_LEII","D",43.62333333,-79.45333333,"1","W","pNAUPLII",1072.294422,19824.33971
"605","Summer",8,"stn8_20180725_D_LEII","D",43.62333333,-79.45333333,"1","W","ROTIFER",7897.88758909,212560.975805
"606","Summer",8,"stn8_20180725_D_LEII","D",43.62333333,-79.45333333,"1","W","VELIGER",86554.94248,515432.8325
"607","Summer",9,"stn9_20180725_D_LEII","D",43.587,-79.395,"1","W","pNAUPLII",2662.945558,21428.62154
"608","Summer",9,"stn9_20180725_D_LEII","D",43.587,-79.395,"1","W","ROTIFER",20970.0880481,689287.32614
"609","Summer",9,"stn9_20180725_D_LEII","D",43.587,-79.395,"1","W","VELIGER",90918.68788,560715.5969
"610","Summer",12,"stn12_20180725_D_LEII","D",43.50366667,-79.35466667,"1","W","pNAUPLII",39918.6115,306169.5471
"611","Summer",12,"stn12_20180725_D_LEII","D",43.50366667,-79.35466667,"1","W","ROTIFER",37846.2226881,1757146.96604
"612","Summer",12,"stn12_20180725_D_LEII","D",43.50366667,-79.35466667,"1","W","VELIGER",2404.315756,13311.71944
"613","Summer",17,"stn17_20180725_D_LEII","D",43.22433333,-79.27416667,"1","W","pNAUPLII",121.2026228,1658.394507
"614","Summer",17,"stn17_20180725_D_LEII","D",43.22433333,-79.27416667,"1","W","ROTIFER",8947.60205663,301827.800275
"615","Summer",17,"stn17_20180725_D_LEII","D",43.22433333,-79.27416667,"1","W","VELIGER",27191.44557,129354.7715
"616","Summer",18,"stn18_20180725_D_LEII","D",43.303,-79.27816667,"1","W","pNAUPLII",4440.821717,8352.451413
"617","Summer",18,"stn18_20180725_D_LEII","D",43.303,-79.27816667,"1","W","ROTIFER",212.735442364,8352.451414
"618","Summer",18,"stn18_20180725_D_LEII","D",43.303,-79.27816667,"1","W","VELIGER",103072.0022,50114.70848
"619","Summer",19,"stn19_20180725_D_LEII","D",43.38316667,-79.28516667,"1","W","pNAUPLII",19573.05956,264069.8816
"620","Summer",19,"stn19_20180725_D_LEII","D",43.38316667,-79.28516667,"1","W","ROTIFER",30601.8663869,2931175.68557
"621","Summer",19,"stn19_20180725_D_LEII","D",43.38316667,-79.28516667,"1","W","VELIGER",305722.511,765802.6566
"622","Summer",27,"stn27_20180726_D_LEII","D",43.69,-78.8305,"2","W","pNAUPLII",100099.4063,611154.9815
"623","Summer",27,"stn27_20180726_D_LEII","D",43.69,-78.8305,"2","W","ROTIFER",19029.651492,1201938.13026
"624","Summer",27,"stn27_20180726_D_LEII","D",43.69,-78.8305,"2","W","VELIGER",0,0
"625","Summer",28,"stn28_20180726_D_LEII","D",43.77416667,-78.85466667,"2","W","pNAUPLII",29590.34586,252788.9792
"626","Summer",28,"stn28_20180726_D_LEII","D",43.77416667,-78.85466667,"2","W","ROTIFER",35659.817702,2485758.2956
"627","Summer",28,"stn28_20180726_D_LEII","D",43.77416667,-78.85466667,"2","W","VELIGER",15362.67882,126394.4896
"628","Summer",29,"stn29_20180726_D_LEII","D",43.81766667,-78.86966667,"2","W","pNAUPLII",27466.18694,311536.2518
"629","Summer",29,"stn29_20180726_D_LEII","D",43.81766667,-78.86966667,"2","W","ROTIFER",29129.1128765,1700468.70781
"630","Summer",29,"stn29_20180726_D_LEII","D",43.81766667,-78.86966667,"2","W","VELIGER",66069.25355,285574.8975
"631","Summer",33,"stn33_20180726_D_LEII","D",43.596,-78.81633333,"2","W","pNAUPLII",20213.27765,130379.7294
"632","Summer",33,"stn33_20180726_D_LEII","D",43.596,-78.81633333,"2","W","ROTIFER",12835.6307748,743164.45743
"633","Summer",33,"stn33_20180726_D_LEII","D",43.596,-78.81633333,"2","W","VELIGER",11522.41459,39113.91881
"634","Summer",33,"stn33_20180801_N_LEII","N",43.59716667,-78.81533333,"2","W","pNAUPLII",43446.33003,349446.9593
"635","Summer",33,"stn33_20180801_N_LEII","N",43.59716667,-78.81533333,"2","W","ROTIFER",22136.7917394,1320132.95715
"636","Summer",33,"stn33_20180801_N_LEII","N",43.59716667,-78.81533333,"2","W","VELIGER",159712.0688,232964.6395
"637","Summer",34,"stn34_20180727_D_LEII","D",43.4575,-78.75633333,"2","W","pNAUPLII",37790.59283,403158.5694
"638","Summer",34,"stn34_20180727_D_LEII","D",43.4575,-78.75633333,"2","W","ROTIFER",23028.752554,2280365.65874
"639","Summer",34,"stn34_20180727_D_LEII","D",43.4575,-78.75633333,"2","W","VELIGER",376202.3217,277171.5165
"640","Summer",34,"stn34_20180731_N_LEII","N",43.4615,-78.75933333,"2","W","pNAUPLII",40047.54904,276133.8263
"641","Summer",34,"stn34_20180731_N_LEII","N",43.4615,-78.75933333,"2","W","ROTIFER",13161.9005922,728993.30137
"642","Summer",34,"stn34_20180731_N_LEII","N",43.4615,-78.75933333,"2","W","VELIGER",155530.4312,143589.5897
"643","Summer",35,"stn35_20180727_D_LEII","D",43.36233333,-78.72966667,"2","W","pNAUPLII",3386.083205,54660.17366
"644","Summer",35,"stn35_20180727_D_LEII","D",43.36233333,-78.72966667,"2","W","ROTIFER",49246.8880509,1117496.883668
"645","Summer",35,"stn35_20180727_D_LEII","D",43.36233333,-78.72966667,"2","W","VELIGER",299687.111,1566924.978
"646","Summer",39,"stn39_20180810_D_Limnos","D",43.486667,-78,"3","W","pNAUPLII",3494.171111,30811.35903
"647","Summer",39,"stn39_20180810_D_Limnos","D",43.486667,-78,"3","W","ROTIFER",8826.49160854,862718.052786
"648","Summer",39,"stn39_20180810_D_Limnos","D",43.486667,-78,"3","W","VELIGER",2118.257503,4401.622718
"649","Summer",40,"stn40_20180810_D_Limnos","D",43.59,-78.011667,"3","W","pNAUPLII",1482.470977,17463.89892
"650","Summer",40,"stn40_20180810_D_Limnos","D",43.59,-78.011667,"3","W","ROTIFER",10526.033375,583294.22385
"651","Summer",40,"stn40_20180810_D_Limnos","D",43.59,-78.011667,"3","W","VELIGER",588.2039512,3492.779783
"652","Summer",41,"stn41_20180809_D_Limnos","D",43.716667,-78.026667,"3","W","pNAUPLII",3392.548966,37033.33333
"653","Summer",41,"stn41_20180809_D_Limnos","D",43.716667,-78.026667,"3","W","ROTIFER",1987.42020287,230616.666636
"654","Summer",41,"stn41_20180809_D_Limnos","D",43.716667,-78.026667,"3","W","VELIGER",3283.601449,3366.666667
"655","Summer",42,"stn42_20180809_D_Limnos","D",43.84,-78.036667,"3","W","pNAUPLII",4006.679404,43392.85714
"656","Summer",42,"stn42_20180809_D_Limnos","D",43.84,-78.036667,"3","W","ROTIFER",3649.99960748,374756.493535
"657","Summer",42,"stn42_20180809_D_Limnos","D",43.84,-78.036667,"3","W","VELIGER",0,0
"658","Summer",49,"stn49_20180809_D_Limnos","D",43.771667,-77.438333,"4","E","pNAUPLII",2027.401934,20875.91241
"659","Summer",49,"stn49_20180809_D_Limnos","D",43.771667,-77.438333,"4","E","ROTIFER",6538.63909664,600182.481691
"660","Summer",49,"stn49_20180809_D_Limnos","D",43.771667,-77.438333,"4","E","VELIGER",1837.52431,5218.978102
"661","Summer",63,"stn63_20180801_D_Limnos","D",43.731667,-77.016667,"5","E","pNAUPLII",1771.412455,14147.49263
"662","Summer",63,"stn63_20180801_D_Limnos","D",43.731667,-77.016667,"5","E","ROTIFER",19010.41481569,1626961.651916
"663","Summer",63,"stn63_20180801_D_Limnos","D",43.731667,-77.016667,"5","E","VELIGER",10934.29171,84884.95575
"664","Summer",64,"stn64_20180801_D_Limnos","D",43.525,-76.926667,"5","E","pNAUPLII",18619.92015,121095.8904
"665","Summer",64,"stn64_20180801_D_Limnos","D",43.525,-76.926667,"5","E","ROTIFER",11104.0039807,1533881.2786
"666","Summer",64,"stn64_20180801_D_Limnos","D",43.525,-76.926667,"5","E","VELIGER",0,0
"667","Summer",65,"stn65_20180801_D_Limnos","D",43.423333,-76.883333,"5","E","pNAUPLII",842.4561957,10216.21622
"668","Summer",65,"stn65_20180801_D_Limnos","D",43.423333,-76.883333,"5","E","ROTIFER",5697.74268375,704918.918987
"669","Summer",65,"stn65_20180801_D_Limnos","D",43.423333,-76.883333,"5","E","VELIGER",3269.599487,13621.62162
"670","Summer",69,"stn69_20180802_D_Limnos","D",43.6078,-76.7142,"5","E","pNAUPLII",1715.51356,14949.15254
"671","Summer",69,"stn69_20180802_D_Limnos","D",43.6078,-76.7142,"5","E","ROTIFER",6775.1538557,592983.050807
"672","Summer",69,"stn69_20180802_D_Limnos","D",43.6078,-76.7142,"5","E","VELIGER",0,0
"673","Summer",70,"stn70_1970_20180802_D_Limnos","D",43.65,-77.3,"6","E","pNAUPLII",15245.99297,134141.1192
"674","Summer",70,"stn70_1970_20180802_D_Limnos","D",43.65,-77.3,"6","E","ROTIFER",8677.0361792,829236.00971
"675","Summer",70,"stn70_1970_20180802_D_Limnos","D",43.65,-77.3,"6","E","VELIGER",28414.50815,18291.9708
"676","Summer",74,"stn74_20180802_D_Limnos","D",43.75,-76.518333,"6","E","pNAUPLII",854.9533723,11683.6983
"677","Summer",74,"stn74_20180802_D_Limnos","D",43.75,-76.518333,"6","E","ROTIFER",1732.2187001,225328.46718
"678","Summer",74,"stn74_20180802_D_Limnos","D",43.75,-76.518333,"6","E","VELIGER",697.2650519,5007.29927
"679","Summer",77,"stn77_20180802_D_Limnos","D",43.956667,-76.409167,"6","E","pNAUPLII",802.5573263,5617.977528
"680","Summer",77,"stn77_20180802_D_Limnos","D",43.956667,-76.409167,"6","E","ROTIFER",7812.29881,724719.10109
"681","Summer",77,"stn77_20180802_D_Limnos","D",43.956667,-76.409167,"6","E","VELIGER",15287.16397,22471.91011
"682","Summer",715,"stn715_20180801_D_Limnos","D",43.635,-76.968333,"5","E","pNAUPLII",2306.289208,37538.46154
"683","Summer",715,"stn715_20180801_D_Limnos","D",43.635,-76.968333,"5","E","ROTIFER",9701.8920895,1022923.07693
"684","Summer",715,"stn715_20180801_D_Limnos","D",43.635,-76.968333,"5","E","VELIGER",0,0
"685","Summer",716,"stn716_20180809_D_Limnos","D",43.596667,-77.44,"4","E","pNAUPLII",2693.235967,23556.52174
"686","Summer",716,"stn716_20180809_D_Limnos","D",43.596667,-77.44,"4","E","ROTIFER",10598.0708387,763904.3478
"687","Summer",716,"stn716_20180809_D_Limnos","D",43.596667,-77.44,"4","E","VELIGER",0,0
"688","Summer",717,"stn717_20180731_D_Limnos","D",43.281667,-77.44,"4","E","pNAUPLII",2582.858179,23814.15929
"689","Summer",717,"stn717_20180731_D_Limnos","D",43.281667,-77.44,"4","E","ROTIFER",3992.28616213,439646.017714
"690","Summer",717,"stn717_20180731_D_Limnos","D",43.281667,-77.44,"4","E","VELIGER",27747.68106,69610.61947
